Date,Bullish,Neutral,Bearish,Total,WeeklyHigh,WeeklyLow,WeeklyClose
7/24/1987,36,50,14,100,311,308,309
7/31/1987,26,48,26,100,319,311,319
8/7/1987,56,15,29,100,323,316,323
8/14/1987,45,35,20,100,335,323,334
8/21/1987,66,28,6,100,336,329,336
8/28/1987,52,18,30,100,331,323,323
9/4/1987,42,17,41,100,330,317,317
9/11/1987,50,23,27,100,322,314,322
9/18/1987,60,29,11,100,323,315,315
9/25/1987,53,17,30,100,321,311,320
10/2/1987,44,26,30,100,328,322,328
10/9/1987,46,39,15,100,328,311,311
10/16/1987,37,30,33,100,315,283,283
10/23/1987,39,30,31,100,258,225,248
10/30/1987,44,23,33,100,252,228,252
11/6/1987,47,31,22,100,256,248,250
11/13/1987,31,41,28,100,249,239,246
11/20/1987,39,42,19,100,247,240,242
11/27/1987,27,46,27,100,246,240,240
12/4/1987,25,33,42,100,233,224,224
12/11/1987,23,45,32,100,239,229,235
12/18/1987,33,40,27,100,249,242,249
12/24/1987,28,52,20,100,253,250,252
12/31/1987,25,49,26,100,248,245,247
1/8/1988,34,46,20,100,261,243,243
1/15/1988,34,40,26,100,252,245,252
1/22/1988,21,48,31,100,252,243,247
1/29/1988,26,45,29,100,257,249,257
2/5/1988,32,53,15,100,256,251,251
2/12/1988,32,46,22,100,258,249,258
2/19/1988,27,49,24,100,262,258,262
2/26/1988,30,51,19,100,266,262,262
3/4/1988,38,40,22,100,268,267,267
3/11/1988,43,40,17,100,269,264,265
3/18/1988,41,49,10,100,271,266,271
3/25/1988,45,38,17,100,269,259,259
4/1/1988,35,45,20,100,260,258,259
4/8/1988,33,48,19,100,269,256,269
4/15/1988,23,53,24,100,272,260,260
4/22/1988,23,57,20,100,260,256,260
4/29/1988,22,48,30,100,264,261,261
5/6/1988,38,42,20,100,263,257,257
5/13/1988,19,56,25,100,258,253,257
5/20/1988,23,52,25,100,259,251,253
5/27/1988,28,52,20,100,255,251,253
6/3/1988,26,62,12,100,267,262,266
6/10/1988,28,49,23,100,272,265,271
6/17/1988,29,50,21,100,274,270,271
6/24/1988,33,44,23,100,276,269,274
7/1/1988,45,38,17,100,274,269,272
7/8/1988,35,50,15,100,276,270,270
7/15/1988,26,37,37,100,272,268,272
7/22/1988,16,58,26,100,271,264,264
7/29/1988,23,54,23,100,272,263,272
8/5/1988,21,49,30,100,273,271,271
8/12/1988,26,48,26,100,270,262,263
8/19/1988,19,53,28,100,261,259,260
8/26/1988,28,40,32,100,261,257,260
9/2/1988,18,43,39,100,264,258,264
9/9/1988,17,52,31,100,267,266,267
9/16/1988,24,46,30,100,271,266,271
9/23/1988,20,53,27,100,270,269,270
9/30/1988,26,44,30,100,273,268,272
10/7/1988,13,49,38,100,278,271,278
10/14/1988,22,46,32,100,278,274,276
10/21/1988,26,51,23,100,284,276,284
10/28/1988,40,38,22,100,282,277,279
11/4/1988,35,46,19,100,279,276,276
11/11/1988,23,56,21,100,275,268,268
11/18/1988,30,34,36,100,268,264,266
11/25/1988,17,44,39,100,269,266,267
12/2/1988,19,47,34,100,274,269,272
12/9/1988,17,44,39,100,278,275,277
12/16/1988,24,54,22,100,277,274,276
12/23/1988,22,46,32,100,279,277,278
12/30/1988,24,54,22,100,279,277,278
1/6/1989,26,51,23,100,281,275,281
1/13/1989,36,44,20,100,284,280,284
1/20/1989,36,47,17,100,287,284,287
1/27/1989,32,49,19,100,294,285,294
2/3/1989,33,44,23,100,297,295,297
2/10/1989,43,31,26,100,300,292,292
2/17/1989,42,41,17,100,297,292,297
2/24/1989,29,45,26,100,296,287,287
3/3/1989,29,35,36,100,291,287,291
3/10/1989,13,52,35,100,295,293,293
3/17/1989,28,43,29,100,299,293,293
3/23/1989,29,41,30,100,291,289,289
3/31/1989,18,42,40,100,295,291,295
4/7/1989,23,45,32,100,297,295,297
4/14/1989,25,42,33,100,301,297,301
4/21/1989,21,51,28,100,310,302,310
4/28/1989,31,40,29,100,310,307,310
5/5/1989,30,40,30,100,309,308,308
5/12/1989,38,43,19,100,314,305,314
5/19/1989,43,38,19,100,321,315,321
5/26/1989,48,31,21,100,322,318,322
6/2/1989,42,27,31,100,326,319,326
6/9/1989,43,34,23,100,327,322,327
6/16/1989,32,37,31,100,326,320,321
6/23/1989,33,22,45,100,328,320,328
6/30/1989,40,34,26,100,328,318,318
7/7/1989,37,32,31,100,325,319,325
7/14/1989,22,30,48,100,332,327,332
7/21/1989,32,39,29,100,336,331,336
7/28/1989,41,25,34,100,342,334,342
8/4/1989,35,30,35,100,346,344,344
8/11/1989,53,21,26,100,349,345,345
8/18/1989,35,28,37,100,346,343,346
8/25/1989,45,24,31,100,352,341,351
9/1/1989,34,30,36,100,354,350,354
9/8/1989,30,30,40,100,353,348,349
9/15/1989,31,44,25,100,349,343,345
9/22/1989,24,37,39,100,347,346,347
9/29/1989,33,38,29,100,349,344,349
10/6/1989,24,43,33,100,359,351,359
10/13/1989,28,52,20,100,360,334,334
10/20/1989,39,28,33,100,347,341,347
10/27/1989,36,33,31,100,345,335,335
11/3/1989,37,31,32,100,341,335,338
11/10/1989,27,37,36,100,339,333,339
11/17/1989,24,28,48,100,342,338,342
11/22/1989,27,40,33,100,344,339,344
12/1/1989,28,40,32,100,351,344,351
12/8/1989,31,41,28,100,351,348,349
12/15/1989,42,30,28,100,353,349,350
12/22/1989,36,32,32,100,347,342,347
12/29/1989,35,31,34,100,353,347,353
1/5/1990,40,30,30,100,360,352,352
1/12/1990,45,38,17,100,354,340,340
1/19/1990,31,49,20,100,341,337,339
1/26/1990,24,38,38,100,332,326,326
2/2/1990,15,37,48,100,331,323,331
2/9/1990,19,30,51,100,334,330,334
2/16/1990,23,43,34,100,335,330,333
2/23/1990,24,38,38,100,328,324,324
3/2/1990,21,37,42,100,336,329,336
3/9/1990,22,42,36,100,340,334,338
3/16/1990,25,35,40,100,342,336,342
3/23/1990,37,39,24,100,344,336,337
3/30/1990,34,35,31,100,342,338,340
4/6/1990,38,37,25,100,344,339,340
4/12/1990,27,56,17,100,344,341,344
4/20/1990,34,43,23,100,345,335,335
4/27/1990,28,35,37,100,333,329,329
5/4/1990,20,35,45,100,338,331,338
5/11/1990,28,38,34,100,352,341,352
5/18/1990,37,35,28,100,355,354,355
5/25/1990,39,32,29,100,359,355,355
6/1/1990,37,28,35,100,363,361,363
6/8/1990,35,35,30,100,367,359,359
6/15/1990,43,32,25,100,366,362,363
6/22/1990,34,32,34,100,360,355,355
6/29/1990,31,31,38,100,358,352,358
7/6/1990,28,34,38,100,360,356,358
7/13/1990,40,30,30,100,367,356,367
7/20/1990,40,30,30,100,369,362,362
7/27/1990,52,24,24,100,357,353,353
8/3/1990,26,28,46,100,356,345,345
8/10/1990,25,21,54,100,340,334,336
8/17/1990,18,23,59,100,340,328,328
8/24/1990,25,24,51,100,329,307,312
8/31/1990,23,16,61,100,324,319,323
9/7/1990,33,18,49,100,324,320,323
9/14/1990,16,33,51,100,323,317,317
9/21/1990,13,31,56,100,319,311,311
9/28/1990,26,20,54,100,308,301,306
10/5/1990,15,26,59,100,315,311,312
10/12/1990,21,27,52,100,313,295,300
10/19/1990,13,20,67,100,312,299,312
10/26/1990,23,19,58,100,315,305,305
11/2/1990,20,36,44,100,312,302,312
11/9/1990,20,32,48,100,315,306,314
11/16/1990,12,33,55,100,320,317,317
11/21/1990,16,37,47,100,319,315,316
11/30/1990,22,33,45,100,322,316,322
12/7/1990,26,33,41,100,330,324,328
12/14/1990,31,31,38,100,330,326,327
12/21/1990,16,34,50,100,332,326,332
12/28/1990,30,30,40,100,331,328,329
1/4/1991,31,39,30,100,330,321,321
1/11/1991,22,30,48,100,315,311,315
1/18/1991,22,27,51,100,332,312,332
1/25/1991,25,25,50,100,336,328,336
2/1/1991,29,29,42,100,344,336,343
2/8/1991,36,28,36,100,359,343,359
2/15/1991,46,30,24,100,369,359,369
2/22/1991,57,20,23,100,369,365,366
3/1/1991,50,18,32,100,370,363,370
3/8/1991,50,21,29,100,377,369,375
3/15/1991,55,22,23,100,375,370,374
3/22/1991,42,31,27,100,372,367,367
3/29/1991,47,28,25,100,376,370,375
4/5/1991,58,22,20,100,380,371,375
4/12/1991,43,32,25,100,380,373,380
4/19/1991,39,39,22,100,390,381,384
4/26/1991,55,28,17,100,383,379,379
5/3/1991,39,33,28,100,381,374,381
5/10/1991,38,34,28,100,383,376,376
5/17/1991,42,32,26,100,377,369,372
5/24/1991,38,39,23,100,377,372,377
5/31/1991,42,35,23,100,390,382,390
6/7/1991,46,37,17,100,388,384,379
6/14/1991,47,31,22,100,382,377,382
6/21/1991,44,40,16,100,380,375,378
6/28/1991,28,37,35,100,374,371,371
7/3/1991,28,39,33,100,378,373,374
7/12/1991,41,39,20,100,380,376,380
7/19/1991,27,51,22,100,386,380,384
7/26/1991,35,42,23,100,385,378,381
8/2/1991,33,36,31,100,390,380,387
8/9/1991,26,45,29,100,392,384,387
8/16/1991,37,33,30,100,392,383,386
8/23/1991,32,36,32,100,395,374,394
8/30/1991,41,40,19,100,397,392,395
9/6/1991,36,31,33,100,398,387,389
9/13/1991,43,39,18,100,389,383,384
9/20/1991,32,48,20,100,389,383,388
9/27/1991,31,38,31,100,389,384,386
10/4/1991,35,30,35,100,390,381,381
10/11/1991,39,37,24,100,381,376,381
10/18/1991,30,31,39,100,394,381,393
10/25/1991,31,36,33,100,393,383,384
11/1/1991,52,12,36,100,395,384,391
11/8/1991,32,36,32,100,396,388,393
11/15/1991,38,33,29,100,398,383,383
11/22/1991,48,32,20,100,385,375,376
11/27/1991,33,27,40,100,378,375,377
12/6/1991,23,32,45,100,382,375,379
12/13/1991,33,36,31,100,385,375,384
12/20/1991,36,30,34,100,388,381,387
12/27/1991,39,29,32,100,407,387,406
1/3/1992,49,20,31,100,420,406,419
1/10/1992,48,27,25,100,421,413,415
1/17/1992,51,21,28,100,421,414,419
1/24/1992,46,25,29,100,418,413,415
1/31/1992,47,26,27,100,410,415,409
2/7/1992,36,39,25,100,414,410,411
2/14/1992,46,28,26,100,417,414,412
2/21/1992,47,25,28,100,414,407,411
2/28/1992,43,36,21,100,416,408,413
3/6/1992,45,29,26,100,414,404,404
3/13/1992,38,35,27,100,409,405,406
3/20/1992,48,29,23,100,411,406,411
3/27/1992,43,35,22,100,410,404,404
4/3/1992,35,42,23,100,404,401,402
4/10/1992,43,27,30,100,406,395,404
4/17/1992,37,38,25,100,416,406,416
4/24/1992,52,34,14,100,412,410,409
5/1/1992,29,36,35,100,415,408,413
5/8/1992,43,31,26,100,417,416,416
5/15/1992,40,37,23,100,418,410,410
5/22/1992,48,24,28,100,416,413,414
5/29/1992,41,43,16,100,417,411,415
6/5/1992,41,40,19,100,417,413,413
6/12/1992,31,46,23,100,413,407,410
6/19/1992,35,37,28,100,410,401,404
6/26/1992,39,34,27,100,404,403,403
7/2/1992,21,44,35,100,413,408,412
7/9/1992,23,42,35,100,415,409,415
7/17/1992,29,40,31,100,418,413,416
7/24/1992,32,44,24,100,416,410,412
7/31/1992,22,47,31,100,425,411,424
8/5/1992,28,39,33,100,424,422,422
8/14/1992,26,37,37,100,423,416,420
8/21/1992,22,34,44,100,422,414,415
8/28/1992,30,37,33,100,415,408,415
9/4/1992,14,44,42,100,420,413,417
9/11/1992,22,39,39,100,421,414,420
9/18/1992,21,42,37,100,425,418,423
9/25/1992,25,34,41,100,423,413,414
10/2/1992,30,35,35,100,419,410,410
10/9/1992,21,35,44,100,408,402,403
10/16/1992,20,24,56,100,412,407,412
10/23/1992,21,32,47,100,418,407,414
10/30/1992,35,35,30,100,421,414,419
11/6/1992,49,27,24,100,423,416,418
11/13/1992,37,44,19,100,423,417,422
11/20/1992,48,38,14,100,427,418,427
11/25/1992,43,37,20,100,429,423,429
12/4/1992,37,39,24,100,433,429,432
12/11/1992,43,42,15,100,437,432,434
12/18/1992,63,27,10,100,441,431,441
12/24/1992,55,30,15,100,442,438,440
1/1/1993,60,27,13,100,443,436,436
1/8/1993,20,49,31,100,437,427,429
1/15/1993,54,32,14,100,439,428,437
1/22/1993,41,38,21,100,438,432,436
1/29/1993,40,37,23,100,443,436,439
2/5/1993,44,34,22,100,450,439,449
2/12/1993,47,31,22,100,450,444,445
2/19/1993,46,27,27,100,445,428,434
2/26/1993,34,32,34,100,444,432,443
3/5/1993,27,36,37,100,450,441,446
3/12/1993,45,33,22,100,456,447,450
3/19/1993,41,32,27,100,453,448,450
3/26/1993,43,34,23,100,452,446,448
4/2/1993,37,36,27,100,455,441,441
4/9/1993,32,39,29,100,444,439,442
4/16/1993,31,35,34,100,450,442,449
4/23/1993,28,42,30,100,449,437,437
4/30/1993,22,37,41,100,442,432,440
5/7/1993,21,45,34,100,446,438,442
5/14/1993,20,41,39,100,445,438,440
5/21/1993,21,34,45,100,451,437,446
5/28/1993,24,37,39,100,455,445,450
6/4/1993,33,39,28,100,456,449,450
6/11/1993,23,36,41,100,452,444,447
6/18/1993,22,35,43,100,449,444,444
6/25/1993,28,38,34,100,449,443,448
7/2/1993,18,44,38,100,452,445,446
7/9/1993,21,45,34,100,449,441,448
7/16/1993,22,44,34,100,451,446,446
7/23/1993,24,43,33,100,449,444,447
7/30/1993,25,45,30,100,451,445,448
8/6/1993,26,42,32,100,450,447,449
8/13/1993,25,41,34,100,452,448,450
8/20/1993,29,41,30,100,457,449,456
8/27/1993,27,35,38,100,461,454,461
9/3/1993,38,33,29,100,464,459,461
9/10/1993,30,30,40,100,462,454,462
9/17/1993,32,34,34,100,463,456,459
9/24/1993,28,40,32,100,460,450,458
10/1/1993,26,34,40,100,462,457,461
10/8/1993,29,37,34,100,463,456,460
10/15/1993,31,38,31,100,471,456,470
10/22/1993,42,30,28,100,471,463,463
10/29/1993,43,33,24,100,469,462,468
11/4/1993,32,36,32,100,469,454,460
11/11/1993,35,30,35,100,466,454,465
11/18/1993,34,31,35,100,467,460,463
11/24/1993,45,30,25,100,463,457,462
12/2/1993,33,32,35,100,465,460,465
12/9/1993,37,39,24,100,467,463,464
12/16/1993,33,38,29,100,466,462,466
12/23/1993,36,31,33,100,469,463,467
12/30/1993,44,28,28,100,471,466,466
1/6/1994,40,33,27,100,470,464,470
1/13/1994,38,31,31,100,475,467,475
1/20/1994,48,26,26,100,476,472,475
1/27/1994,41,25,34,100,480,470,479
2/3/1994,38,29,33,100,483,469,470
2/10/1994,49,27,24,100,473,467,470
2/17/1994,40,36,24,100,475,466,468
2/24/1994,41,30,29,100,472,464,466
3/3/1994,31,42,27,100,469,458,465
3/10/1994,29,34,37,100,468,462,466
3/17/1994,24,41,35,100,471,465,471
3/24/1994,29,37,34,100,471,461,461
3/31/1994,23,33,44,100,465,436,446
4/7/1994,28,31,41,100,451,436,447
4/14/1994,29,23,48,100,451,443,446
4/21/1994,26,41,33,100,450,439,448
4/28/1994,27,35,38,100,453,448,451
5/5/1994,32,32,36,100,454,446,448
5/12/1994,38,32,30,100,448,441,444
5/19/1994,22,36,42,100,457,444,455
5/26/1994,29,33,38,100,458,452,457
6/2/1994,39,36,25,100,461,454,460
6/9/1994,28,47,25,100,462,455,459
6/16/1994,32,42,26,100,463,457,458
6/23/1994,29,45,26,100,458,443,443
6/30/1994,32,37,31,100,450,440,446
7/7/1994,28,32,40,100,450,444,450
7/14/1994,25,40,35,100,454,445,454
7/21/1994,34,38,28,100,456,451,453
7/28/1994,27,42,31,100,459,451,458
8/4/1994,22,52,26,100,463,456,457
8/11/1994,34,37,29,100,462,457,462
8/18/1994,30,40,30,100,466,460,464
8/25/1994,32,39,29,100,475,461,474
9/1/1994,43,34,23,100,478,471,471
9/8/1994,47,33,20,100,473,467,468
9/15/1994,45,25,30,100,475,466,471
9/22/1994,37,36,27,100,473,458,460
9/29/1994,38,32,30,100,465,459,463
10/6/1994,33,39,28,100,463,449,455
10/13/1994,35,39,26,100,471,455,469
10/20/1994,39,33,28,100,471,464,465
10/27/1994,43,38,19,100,474,458,474
11/3/1994,40,35,25,100,475,462,462
11/10/1994,37,31,32,100,470,461,462
11/17/1994,39,22,39,100,469,460,461
11/23/1994,39,32,29,100,466,444,450
11/30/1994,44,30,26,100,457,448,453
12/8/1994,30,35,35,100,455,443,447
12/15/1994,33,35,32,100,459,446,459
12/22/1994,42,25,33,100,462,455,460
12/29/1994,40,43,17,100,463,459,459
1/5/1995,44,31,25,100,462,457,461
1/12/1995,36,42,22,100,466,460,466
1/19/1995,37,39,24,100,470,464,465
1/26/1995,38,37,25,100,471,464,470
2/2/1995,38,37,25,100,480,467,479
2/9/1995,34,43,23,100,483,478,481
2/16/1995,43,37,20,100,486,481,482
2/23/1995,46,37,17,100,489,482,488
3/2/1995,53,26,21,100,488,483,485
3/9/1995,48,34,18,100,490,480,490
3/16/1995,39,41,20,100,497,489,496
3/23/1995,47,30,23,100,501,494,501
3/30/1995,52,23,25,100,508,496,501
4/6/1995,42,25,33,100,507,500,506
4/13/1995,40,23,37,100,510,504,509
4/20/1995,37,27,36,100,508,501,508
4/27/1995,52,29,19,100,515,507,515
5/4/1995,42,27,31,100,525,513,520
5/11/1995,44,26,30,100,527,519,526
5/18/1995,42,23,35,100,529,517,519
5/25/1995,44,26,30,100,532,519,524
6/1/1995,39,34,27,100,537,521,533
6/8/1995,44,25,31,100,538,526,528
6/15/1995,36,31,33,100,540,528,540
6/22/1995,48,21,31,100,551,540,550
6/29/1995,35,28,37,100,550,541,545
7/6/1995,35,34,31,100,556,544,556
7/13/1995,44,18,38,100,562,554,560
7/20/1995,43,30,27,100,563,551,554
7/27/1995,41,26,33,100,565,554,563
8/3/1995,38,34,28,100,566,554,559
8/10/1995,40,30,30,100,562,553,555
8/17/1995,36,43,21,100,561,555,559
8/24/1995,35,28,37,100,563,555,560
8/31/1995,38,42,20,100,565,556,564
9/7/1995,37,36,27,100,573,564,573
9/14/1995,46,32,22,100,585,573,583
9/21/1995,46,25,29,100,587,578,582
9/28/1995,42,27,31,100,588,575,584
10/5/1995,39,37,24,100,585,578,582
10/12/1995,41,30,29,100,587,572,585
10/19/1995,47,32,21,100,591,582,587
10/26/1995,46,33,21,100,587,573,580
11/2/1995,47,34,19,100,591,580,591
11/9/1995,49,35,16,100,594,584,593
11/16/1995,46,31,23,100,600,588,600
11/22/1995,48,18,34,100,601,595,598
11/30/1995,51,30,19,100,609,599,607
12/7/1995,48,28,24,100,621,607,617
12/14/1995,51,23,26,100,622,616,616
12/21/1995,48,28,24,100,616,605,612
12/28/1995,46,34,20,100,616,612,616
1/4/1996,55,18,27,100,625,612,617
1/11/1996,#N/A,#N/A,#N/A,#N/A,619,597,602
1/18/1996,42,29,29,100,613,598,612
1/25/1996,36,40,24,100,622,611,622
2/1/1996,54,31,15,100,639,621,636
2/8/1996,53,31,16,100,656,641,656
2/15/1996,54,21,25,100,664,647,648
2/22/1996,49,22,29,100,663,639,659
2/29/1996,45,28,27,100,659,635,644
3/7/1996,44,28,28,100,657,628,634
3/14/1996,36,35,29,100,641,637,641
3/21/1996,47,31,22,100,656,641,651
3/28/1996,45,31,24,100,653,646,646
4/4/1996,40,43,17,100,657,646,656
4/11/1996,40,42,18,100,656,624,637
4/18/1996,36,38,26,100,647,631,645
4/25/1996,28,40,32,100,656,644,653
5/2/1996,48,31,21,100,656,640,642
5/9/1996,46,38,16,100,652,638,652
5/16/1996,37,40,23,100,670,645,669
5/23/1996,51,35,14,100,681,668,679
5/30/1996,61,29,10,100,680,665,669
6/6/1996,47,28,25,100,680,662,673
6/13/1996,49,28,23,100,677,664,666
6/20/1996,42,32,26,100,668,661,667
6/27/1996,42,41,17,100,673,662,671
7/3/1996,32,44,24,100,676,670,672
7/11/1996,40,35,25,100,658,640,646
7/18/1996,29,45,26,100,646,606,639
7/25/1996,30,32,38,100,639,616,636
8/1/1996,29,38,33,100,662,629,662
8/8/1996,27,42,31,100,665,657,662
8/15/1996,43,37,20,100,666,658,665
8/22/1996,28,46,26,100,671,662,667
8/29/1996,28,43,29,100,671,651,652
9/5/1996,29,35,36,100,658,644,656
9/12/1996,26,46,28,100,681,656,681
9/19/1996,28,41,31,100,687,679,687
9/26/1996,34,39,27,100,691,681,686
10/3/1996,40,31,29,100,702,686,701
10/10/1996,38,36,26,100,706,693,701
10/17/1996,39,36,25,100,711,699,711
10/24/1996,42,33,25,100,714,701,701
10/31/1996,37,29,34,100,709,696,704
11/7/1996,26,45,29,100,731,703,731
11/14/1996,37,34,29,100,742,728,738
11/21/1996,43,30,27,100,749,737,749
11/27/1996,52,27,21,100,762,741,755
12/5/1996,41,26,33,100,762,727,740
12/12/1996,40,28,32,100,753,719,729
12/19/1996,33,28,39,100,755,717,749
12/26/1996,37,33,30,100,757,747,757
1/2/1997,43,33,24,100,754,737,748
1/9/1997,36,39,25,100,760,742,760
1/16/1997,42,32,26,100,776,760,776
1/23/1997,37,41,22,100,795,768,771
1/30/1997,51,33,16,100,792,762,786
2/6/1997,47,29,24,100,790,773,790
2/13/1997,45,37,18,100,813,781,808
2/20/1997,44,36,20,100,818,800,802
2/27/1997,63,22,15,100,813,789,791
3/6/1997,43,37,20,100,808,786,805
3/13/1997,34,36,30,100,815,789,793
3/20/1997,36,42,22,100,797,786,784
3/27/1997,27,40,33,100,791,774,774
4/3/1997,29,40,31,100,760,750,758
4/10/1997,26,37,37,100,770,738,738
4/17/1997,31,41,28,100,769,734,766
4/24/1997,28,40,32,100,780,756,765
5/1/1997,27,44,29,100,813,763,813
5/8/1997,30,44,26,100,832,812,825
5/15/1997,41,36,23,100,842,825,830
5/22/1997,40,35,25,100,848,826,847
5/29/1997,40,40,20,100,852,832,848
6/5/1997,52,33,15,100,859,839,858
6/12/1997,49,35,16,100,895,858,893
6/19/1997,59,26,15,100,902,886,899
6/26/1997,52,25,23,100,902,878,887
7/3/1997,45,30,25,100,918,880,917
7/10/1997,49,33,18,100,923,902,917
7/17/1997,54,30,16,100,939,912,915
7/24/1997,53,25,22,100,946,907,939
7/31/1997,48,26,26,100,955,933,947
8/7/1997,49,28,23,100,964,926,934
8/14/1997,49,30,21,100,943,901,901
8/21/1997,47,33,20,100,939,906,924
8/28/1997,50,28,22,100,920,899,899
9/4/1997,37,38,25,100,940,899,929
9/11/1997,42,36,22,100,939,903,924
9/18/1997,40,44,16,100,952,919,951
9/25/1997,39,42,19,100,961,937,945
10/2/1997,38,43,19,100,975,942,965
10/9/1997,43,43,14,100,983,963,967
10/16/1997,43,36,21,100,973,932,944
10/23/1997,40,46,14,100,973,938,942
10/30/1997,41,36,23,100,942,855,915
11/6/1997,38,37,25,100,950,915,928
11/13/1997,45,38,17,100,936,900,928
11/20/1997,40,38,22,100,963,938,963
11/26/1997,40,40,20,100,963,945,955
12/4/1997,49,33,18,100,986,966,984
12/11/1997,46,37,17,100,986,947,953
12/18/1997,40,41,19,100,974,925,947
12/24/1997,41,36,23,100,957,933,936
12/31/1997,34,35,31,100,975,936,975
1/8/1998,42,40,18,100,983,922,928
1/16/1998,38,45,17,100,965,913,962
1/23/1998,31,39,30,100,979,951,958
1/30/1998,38,42,20,100,993,954,980
2/5/1998,30,45,25,100,1014,980,1012
2/12/1998,45,36,19,100,1026,1006,1020
2/19/1998,42,43,15,100,1034,1020,1034
2/26/1998,53,33,14,100,1052,1029,1049
3/5/1998,53,34,13,100,1056,1045,1056
3/12/1998,44,36,20,100,1076,1050,1069
3/19/1998,40,38,22,100,1101,1069,1099
3/26/1998,45,35,20,100,1113,1090,1094
4/2/1998,46,32,22,100,1090,1110,1108
4/9/1998,41,36,23,100,1132,1098,1111
4/16/1998,53,32,15,100,1123,1101,1123
4/23/1998,40,38,22,100,1133,1105,1108
4/30/1998,44,31,25,100,1121,1077,1121
5/7/1998,43,34,23,100,1131,1095,1108
5/14/1998,33,41,26,100,1124,1103,1109
5/21/1998,38,39,23,100,1124,1098,1110
5/28/1998,34,40,26,100,1117,1074,1091
6/4/1998,25,44,31,100,1114,1078,1114
6/11/1998,27,49,24,100,1126,1081,1099
6/18/1998,29,38,33,100,1113,1075,1101
6/25/1998,28,44,28,100,1142,1099,1133
7/2/1998,33,48,19,100,1149,1132,1146
7/9/1998,36,44,20,100,1167,1145,1164
7/16/1998,35,44,21,100,1188,1160,1187
7/23/1998,37,39,24,100,1191,1129,1141
7/30/1998,44,36,20,100,1147,1114,1121
8/6/1998,30,44,26,100,1122,1057,1089
8/13/1998,27,38,35,100,1093,1054,1063
8/20/1998,25,42,33,100,1106,1055,1081
8/27/1998,23,32,45,100,1107,1021,1027
9/3/1998,23,37,40,100,1033,940,974
9/10/1998,29,31,40,100,1028,969,1009
9/17/1998,34,35,31,100,1046,1009,1020
9/24/1998,34,38,28,100,1066,994,1045
10/1/1998,32,35,33,100,1061,972,1003
10/8/1998,25,43,32,100,1009,923,984
10/15/1998,25,34,41,100,1063,984,1056
10/22/1998,32,35,33,100,1084,1054,1071
10/29/1998,43,36,21,100,1104,1060,1099
11/5/1998,38,42,20,100,1141,1099,1141
11/12/1998,50,36,14,100,1141,1116,1126
11/19/1998,40,42,18,100,1164,1126,1164
11/25/1998,48,35,17,100,1193,1164,1192
12/3/1998,49,30,21,100,1193,1150,1177
12/10/1998,44,30,26,100,1194,1153,1166
12/17/1998,41,34,25,100,1189,1137,1188
12/23/1998,34,34,32,100,1230,1188,1226
12/31/1998,41,37,22,100,1245,1201,1229
1/7/1999,38,39,23,100,1278,1219,1275
1/14/1999,51,28,21,100,1276,1205,1243
1/21/1999,56,24,20,100,1274,1218,1225
1/28/1999,47,33,20,100,1280,1219,1280
2/4/1999,48,38,14,100,1284,1232,1239
2/11/1999,48,35,17,100,1254,1212,1230
2/18/1999,37,39,24,100,1252,1221,1239
2/25/1999,37,39,24,100,1284,1225,1238
3/4/1999,36,45,19,100,1276,1216,1275
3/11/1999,37,42,21,100,1306,1272,1295
3/18/1999,48,31,21,100,1324,1291,1299
3/25/1999,38,33,29,100,1304,1256,1283
4/1/1999,40,35,25,100,1314,1283,1294
4/8/1999,36,38,26,100,1351,1294,1348
4/15/1999,41,31,28,100,1362,1308,1319
4/22/1999,38,32,30,100,1364,1284,1357
4/29/1999,41,32,27,100,1372,1315,1335
5/6/1999,54,32,14,100,1355,1317,1345
5/13/1999,43,31,26,100,1376,1333,1338
5/20/1999,43,31,26,100,1350,1321,1330
5/27/1999,38,42,20,100,1333,1277,1302
6/3/1999,32,36,32,100,1328,1277,1328
6/10/1999,32,40,28,100,1336,1288,1294
6/17/1999,38,35,27,100,1344,1292,1343
6/24/1999,30,39,31,100,1351,1308,1315
7/1/1999,35,38,27,100,1391,1315,1391
7/8/1999,43,36,21,100,1405,1385,1403
7/15/1999,54,28,18,100,1419,1387,1419
7/22/1999,55,23,22,100,1420,1350,1357
7/29/1999,42,38,20,100,1370,1328,1329
8/5/1999,30,46,24,100,1345,1287,1300
8/12/1999,30,40,30,100,1328,1268,1328
8/19/1999,31,46,23,100,1344,1315,1337
8/26/1999,35,40,25,100,1383,1337,1348
9/2/1999,44,38,18,100,1358,1305,1357
9/9/1999,37,38,25,100,1361,1334,1352
9/16/1999,36,43,21,100,1352,1318,1335
9/23/1999,36,36,28,100,1338,1264,1277
9/30/1999,35,42,23,100,1295,1256,1283
10/7/1999,34,38,28,100,1337,1283,1336
10/14/1999,42,39,19,100,1344,1245,1247
10/21/1999,38,37,25,100,1304,1234,1302
10/28/1999,38,38,24,100,1373,1280,1363
11/4/1999,43,35,22,100,1387,1346,1370
11/11/1999,48,26,26,100,1396,1360,1396
11/18/1999,46,32,22,100,1425,1392,1422
11/24/1999,55,28,17,100,1425,1399,1417
12/2/1999,62,25,13,100,1448,1387,1433
12/9/1999,62,27,11,100,1434,1391,1417
12/16/1999,54,26,20,100,1431,1396,1421
12/23/1999,52,31,17,100,1461,1411,1458
12/30/1999,60,25,15,100,1473,1451,1469
1/6/2000,75,12,13,100,1478,1378,1441
1/13/2000,59,22,19,100,1473,1427,1465
1/20/2000,57,25,18,100,1466,1439,1441
1/27/2000,54,26,20,100,1454,1356,1360
2/3/2000,51,24,24,100,1436,1350,1424
2/10/2000,42,30,28,100,1445,1379,1387
2/17/2000,27,48,24,100,1408,1345,1346
2/24/2000,41,28,31,100,1370,1329,1333
3/2/2000,37,40,23,100,1411,1325,1409
3/8/2000,58,25,17,100,1413,1347,1395
3/16/2000,50,23,27,100,1477,1357,1464
3/23/2000,66,14,20,100,1553,1446,1527
3/30/2000,39,11,50,100,1535,1475,1499
4/6/2000,46,33,21,100,1526,1416,1516
4/13/2000,52,19,30,100,1527,1339,1357
4/20/2000,64,14,23,100,1448,1347,1435
4/27/2000,61,24,15,100,1483,1407,1452
5/4/2000,35,30,35,100,1482,1398,1433
5/11/2000,30,44,26,100,1433,1375,1421
5/18/2000,35,24,41,100,1470,1402,1407
5/25/2000,35,29,37,100,1412,1361,1378
6/1/2000,42,21,38,100,1483,1378,1477
6/8/2000,62,15,23,100,1477,1455,1457
6/15/2000,44,38,19,100,1484,1442,1464
6/22/2000,27,33,40,100,1489,1438,1441
7/6/2000,56,28,16,100,1468,1435,1455
7/13/2000,65,15,20,100,1484,1440,1479
7/20/2000,67,21,12,100,1510,1470,1510
7/27/2000,43,37,20,100,1517,1478,1480
8/3/2000,41,35,24,100,1486,1414,1420
8/10/2000,54,34,11,100,1463,1419,1463
8/17/2000,59,22,19,100,1490,1453,1472
8/23/2000,58,19,23,100,1499,1469,1492
8/31/2000,56,26,18,100,1513,1490,1506
9/7/2000,63,29,8,100,1530,1500,1521
9/14/2000,41,35,24,100,1521,1490,1495
9/21/2000,44,38,19,100,1507,1460,1466
9/28/2000,53,40,7,100,1468,1422,1449
10/5/2000,42,32,26,100,1462,1419,1437
10/12/2000,41,27,32,100,1455,1397,1409
10/19/2000,49,27,24,100,1410,1327,1374
10/26/2000,64,18,18,100,1408,1306,1397
11/2/2000,52,26,23,100,1416,1338,1380
11/9/2000,63,29,9,100,1433,1377,1427
11/16/2000,46,38,17,100,1438,1366,1366
11/23/2000,37,27,37,100,1396,1329,1368
11/30/2000,60,23,17,100,1368,1322,1342
12/7/2000,47,16,37,100,1363,1295,1315
12/14/2000,60,8,33,100,1380,1310,1370
12/21/2000,31,18,51,100,1389,1305,1312
12/28/2000,40,28,32,100,1346,1254,1306
1/4/2001,43,33,24,100,1340,1302,1320
1/11/2001,36,21,43,100,1350,1275,1298
1/18/2001,37,39,24,100,1333,1276,1319
1/25/2001,49,25,26,100,1355,1313,1343
2/1/2001,50,31,19,100,1370,1334,1355
2/8/2001,56,30,14,100,1383,1349,1349
2/15/2001,30,48,22,100,1364,1310,1315
2/22/2001,26,35,39,100,1337,1293,1302
3/1/2001,46,20,34,100,1273,1215,1234
3/8/2001,32,37,32,100,1267,1228,1233
3/15/2001,31,33,36,100,1233,1149,1151
3/22/2001,28,25,47,100,1181,1081,1140
3/29/2001,37,35,27,100,1183,1136,1160
4/5/2001,35,26,39,100,1170,1092,1128
4/12/2001,30,29,41,100,1184,1126,1184
4/19/2001,44,25,31,100,1254,1167,1243
4/26/2001,47,22,31,100,1253,1207,1253
5/3/2001,64,15,22,100,1273,1232,1267
5/10/2001,53,29,18,100,1270,1241,1246
5/17/2001,52,29,19,100,1296,1241,1292
5/24/2001,62,21,17,100,1316,1276,1278
5/31/2001,49,22,29,100,1278,1246,1261
6/7/2001,43,32,26,100,1287,1256,1265
6/14/2001,31,47,22,100,1265,1203,1214
6/21/2001,33,43,23,100,1240,1208,1225
6/28/2001,30,37,33,100,1237,1205,1224
7/5/2001,41,41,19,100,1240,1189,1191
7/12/2001,25,38,36,100,1219,1168,1216
7/19/2001,50,35,15,100,1225,1196,1211
7/26/2001,30,32,38,100,1215,1166,1206
8/2/2001,36,27,36,100,1226,1200,1214
8/9/2001,35,37,28,100,1214,1170,1190
8/16/2001,35,27,38,100,1199,1156,1162
8/23/2001,34,34,31,100,1185,1153,1185
8/30/2001,31,46,23,100,1187,1125,1134
9/6/2001,30,36,34,100,1155,1082,1086
9/13/2001,27,37,37,100,1093,1073,1093
9/20/2001,31,24,45,100,1093,945,966
9/27/2001,51,27,22,100,1041,966,1041
10/4/2001,51,20,29,100,1084,1027,1071
10/11/2001,47,25,28,100,1099,1053,1092
10/18/2001,61,18,21,100,1107,1057,1073
10/25/2001,56,26,18,100,1111,1066,1105
11/1/2001,35,32,33,100,1105,1054,1087
11/8/2001,35,23,42,100,1136,1087,1120
11/15/2001,45,21,33,100,1148,1098,1139
11/22/2001,58,17,25,100,1152,1130,1150
11/29/2001,69,11,20,100,1163,1126,1139
12/6/2001,59,16,24,100,1174,1126,1158
12/13/2001,61,25,14,100,1158,1115,1123
12/20/2001,52,21,26,100,1152,1123,1145
12/27/2001,58,15,27,100,1165,1145,1161
1/3/2002,51,24,24,100,1177,1136,1173
1/10/2002,55,23,22,100,1177,1145,1146
1/17/2002,30,41,30,100,1149,1124,1128
1/24/2002,35,35,31,100,1140,1117,1133
1/31/2002,45,32,23,100,1139,1082,1122
2/7/2002,38,40,23,100,1122,1078,1096
2/14/2002,45,39,16,100,1125,1095,1104
2/21/2002,36,38,25,100,1104,1074,1090
2/28/2002,44,35,20,100,1132,1090,1132
3/7/2002,53,31,16,100,1173,1131,1164
3/14/2002,56,29,15,100,1173,1151,1154
3/21/2002,53,35,11,100,1174,1152,1152
3/28/2002,51,26,23,100,1151,1132,1145
4/4/2002,40,39,20,100,1148,1120,1125
4/11/2002,28,38,33,100,1132,1112,1130
4/18/2002,40,37,23,100,1133,1099,1126
4/25/2002,37,40,23,100,1125,1093,1093
5/2/2002,27,40,33,100,1088,1063,1086
5/9/2002,30,29,41,100,1089,1049,1089
5/16/2002,37,35,28,100,1104,1054,1091
5/23/2002,26,33,40,100,1107,1076,1086
5/29/2002,28,32,40,100,1086,1068,1068
6/6/2002,33,28,39,100,1071,1031,1050
6/13/2002,32,35,34,100,1039,1003,1020
6/20/2002,46,29,26,100,1041,1007,1020
6/27/2002,31,23,46,100,1006,953,974
7/3/2002,27,27,47,100,994,935,989
7/11/2002,35,23,42,100,994,920,920
7/18/2002,26,20,54,100,927,876,906
7/25/2002,28,23,49,100,854,776,843
8/1/2002,34,34,32,100,912,853,912
8/8/2002,38,23,39,100,879,833,877
8/15/2002,38,21,41,100,920,876,920
8/22/2002,44,17,40,100,952,927,949
8/29/2002,50,21,29,100,956,913,918
9/5/2002,31,19,50,100,916,876,893
9/12/2002,38,25,37,100,924,883,909
9/19/2002,34,23,43,100,903,839,845
9/26/2002,25,28,47,100,845,817,840
10/3/2002,35,17,48,100,852,800,828
10/10/2002,29,16,55,100,809,776,777
10/17/2002,39,21,39,100,881,828,860
10/24/2002,45,22,34,100,901,873,896
10/31/2002,51,21,28,100,907,868,891
11/7/2002,50,24,26,100,926,901,924
11/14/2002,49,19,32,100,895,872,883
11/21/2002,51,28,21,100,916,893,914
11/28/2002,51,17,32,100,942,912,936
12/5/2002,53,29,18,100,954,928,935
12/12/2002,41,34,24,100,912,892,905
12/19/2002,43,27,30,100,911,888,891
12/26/2002,40,28,32,100,902,892,897
1/2/2003,32,30,38,100,882,869,880
1/9/2003,38,19,43,100,932,908,910
1/16/2003,29,42,29,100,935,917,918
1/23/2003,25,32,43,100,906,878,878
1/30/2003,26,27,48,100,869,844,864
2/6/2003,23,51,26,100,865,840,844
2/13/2003,22,40,38,100,843,818,819
2/20/2003,21,21,58,100,853,835,845
2/27/2003,26,27,47,100,848,819,828
3/6/2003,33,27,39,100,852,819,830
3/13/2003,34,14,51,100,829,789,804
3/20/2003,43,19,38,100,875,827,874
3/27/2003,39,28,33,100,896,862,870
4/3/2003,32,29,38,100,885,844,881
4/10/2003,38,31,31,100,905,866,866
4/17/2003,46,22,31,100,897,878,880
4/24/2003,63,18,19,100,920,887,919
5/1/2003,49,26,26,100,924,899,917
5/8/2003,53,29,18,100,940,925,934
5/15/2003,63,21,16,100,948,929,942
5/22/2003,38,26,36,100,944,912,923
5/29/2003,63,23,14,100,965,927,964
6/5/2003,52,29,19,100,988,964,986
6/12/2003,50,21,29,100,997,973,997
6/19/2003,56,8,36,100,1015,989,1010
6/26/2003,71,20,9,100,996,974,976
7/3/2003,41,24,35,100,995,962,986
7/10/2003,43,26,31,100,1010,984,998
7/17/2003,51,20,29,100,1015,979,993
7/24/2003,52,17,31,100,999,976,999
7/31/2003,52,32,16,100,1005,979,980
8/7/2003,45,22,32,100,986,961,978
8/14/2003,51,26,24,100,993,974,991
8/21/2003,63,19,19,100,1011,991,993
8/28/2003,57,21,23,100,1009,984,1008
9/4/2003,62,21,16,100,1029,1006,1021
9/11/2003,58,24,17,100,1032,1008,1019
9/18/2003,63,18,20,100,1040,1014,1036
9/25/2003,57,20,22,100,1036,996,997
10/2/2003,50,21,29,100,1039,990,1030
10/9/2003,58,19,23,100,1048,1026,1038
10/16/2003,60,26,14,100,1054,1038,1047
10/23/2003,53,31,17,100,1049,1028,1030
10/30/2003,58,23,19,100,1050,1029,1048
11/6/2003,58,26,17,100,1061,1045,1052
11/13/2003,53,32,14,100,1059,1043,1059
11/20/2003,53,26,21,100,1050,1034,1042
11/27/2003,60,19,21,100,1061,1035,1058
12/4/2003,69,16,14,100,1074,1058,1065
12/11/2003,55,24,21,100,1075,1053,1074
12/18/2003,60,20,19,100,1083,1068,1076
12/26/2003,66,17,17,100,1098,1086,1096
1/1/2004,62,24,13,100,1119,1105,1108
1/8/2004,67,15,18,100,1126,1108,1126
1/15/2004,66,24,10,100,1131,1115,1131
1/22/2004,70,17,13,100,1149,1135,1148
1/29/2004,57,28,15,100,1155,1127,1128
2/5/2004,51,27,22,100,1142,1125,1127
2/12/2004,56,29,15,100,1159,1139,1158
2/19/2004,56,23,21,100,1159,1146,1152
2/26/2004,42,28,31,100,1147,1134,1144
3/4/2004,48,39,13,100,1157,1144,1151
3/11/2004,41,25,34,100,1160,1123,1124
3/18/2004,39,35,26,100,1126,1103,1124
3/25/2004,31,26,43,100,1110,1087,1091
4/1/2004,55,22,22,100,1131,1108,1126
4/8/2004,59,21,20,100,1151,1138,1141
4/15/2004,64,23,14,100,1148,1122,1128
4/22/2004,50,28,23,100,1139,1116,1124
4/29/2004,50,29,21,100,1147,1122,1122
5/6/2004,39,34,27,100,1128,1107,1122
5/13/2004,33,24,43,100,1099,1076,1097
5/20/2004,37,23,40,100,1106,1079,1089
5/27/2004,36,24,40,100,1117,1091,1115
6/3/2004,33,40,26,100,1128,1113,1125
6/10/2004,55,29,16,100,1142,1115,1131
6/17/2004,41,30,28,100,1137,1122,1134
6/24/2004,56,21,23,100,1145,1124,1144
7/1/2004,57,27,16,100,1144,1132,1141
7/8/2004,55,23,21,100,1125,1113,1118
7/15/2004,47,29,24,100,1120,1107,1111
7/22/2004,36,40,24,100,1116,1094,1094
7/29/2004,34,30,36,100,1099,1079,1095
8/5/2004,31,35,34,100,1109,1092,1099
8/12/2004,39,21,40,100,1079,1064,1076
8/19/2004,35,30,35,100,1095,1065,1095
8/26/2004,42,33,25,100,1106,1093,1105
9/2/2004,42,30,28,100,1109,1095,1106
9/9/2004,51,26,24,100,1124,1114,1121
9/16/2004,45,23,32,100,1130,1123,1126
9/23/2004,51,22,27,100,1129,1120,1122
9/30/2004,41,20,39,100,1115,1101,1115
10/7/2004,57,23,20,100,1142,1132,1142
10/14/2004,45,27,28,100,1127,1110,1114
10/21/2004,42,29,29,100,1118,1094,1104
10/28/2004,42,26,32,100,1126,1090,1125
11/4/2004,57,20,23,100,1148,1128,1143
11/11/2004,63,16,22,100,1169,1162,1163
11/18/2004,64,13,22,100,1188,1175,1182
11/24/2004,49,24,27,100,1182,1177,1182
12/2/2004,57,18,25,100,1191,1172,1191
12/9/2004,51,23,25,100,1192,1177,1183
12/16/2004,53,28,19,100,1207,1188,1206
12/23/2004,60,22,18,100,1211,1193,1210
12/30/2004,58,25,18,100,1214,1205,1213
1/6/2005,38,27,35,100,1218,1184,1184
1/13/2005,34,26,40,100,1195,1176,1185
1/20/2005,34,33,34,100,1196,1180,1185
1/27/2005,26,37,36,100,1176,1164,1174
2/3/2005,42,33,25,100,1195,1171,1193
2/10/2005,44,33,23,100,1205,1192,1192
2/17/2005,36,34,30,100,1212,1204,1210
2/24/2005,32,36,32,100,1202,1184,1191
3/3/2005,40,33,27,100,1216,1198,1210
3/10/2005,50,26,25,100,1229,1207,1207
3/17/2005,32,35,32,100,1211,1186,1188
3/24/2005,23,35,42,100,1190,1169,1173
3/31/2005,28,21,51,100,1182,1164,1181
4/7/2005,28,28,44,100,1189,1168,1184
4/14/2005,16,42,42,100,1190,1171,1174
4/21/2005,37,30,33,100,1156,1136,1138
4/28/2005,30,36,35,100,1165,1144,1156
5/5/2005,29,27,45,100,1179,1155,1171
5/12/2005,31,33,36,100,1179,1158,1171
5/19/2005,39,32,29,100,1188,1154,1186
5/26/2005,44,32,23,100,1197,1186,1190
6/2/2005,49,32,19,100,1206,1191,1202
6/9/2005,46,34,20,100,1209,1193,1197
6/16/2005,48,33,19,100,1208,1195,1207
6/23/2005,47,35,18,100,1220,1211,1214
6/30/2005,46,25,29,100,1204,1188,1200
7/7/2005,43,37,20,100,1206,1192,1195
7/14/2005,58,28,14,100,1233,1212,1228
7/21/2005,41,31,27,100,1237,1221,1235
7/28/2005,58,25,18,100,1238,1228,1237
8/4/2005,48,26,26,100,1246,1234,1245
8/11/2005,40,31,29,100,1243,1223,1229
8/18/2005,29,30,40,100,1236,1218,1220
8/25/2005,36,33,31,100,1229,1214,1218
9/1/2005,32,31,38,100,1220,1201,1220
9/8/2005,42,25,33,100,1237,1218,1236
9/15/2005,51,20,29,100,1243,1226,1227
9/22/2005,39,28,32,100,1238,1210,1210
9/29/2005,32,29,39,100,1223,1211,1217
10/6/2005,50,23,27,100,1233,1196,1196
10/13/2005,39,13,48,100,1197,1174,1178
10/20/2005,43,21,36,100,1196,1171,1196
10/27/2005,32,22,46,100,1204,1180,1191
11/3/2005,43,29,28,100,1215,1198,1215
11/10/2005,59,18,23,100,1227,1216,1221
11/17/2005,54,25,22,100,1236,1215,1235
11/24/2005,57,27,16,100,1271,1260,1266
12/1/2005,52,24,23,100,1268,1249,1249
12/8/2005,49,32,19,100,1273,1253,1257
12/15/2005,46,32,22,100,1272,1256,1267
12/22/2005,41,31,28,100,1271,1257,1269
12/29/2005,37,26,37,100,1272,1257,1258
1/5/2006,29,30,40,100,1275,1246,1273
1/12/2006,59,22,19,100,1295,1284,1294
1/19/2006,50,24,26,100,1288,1272,1278
1/26/2006,31,36,33,100,1286,1259,1284
2/2/2006,45,22,33,100,1288,1277,1282
2/9/2006,40,25,35,100,1267,1254,1266
2/16/2006,40,24,36,100,1281,1258,1280
2/23/2006,43,28,28,100,1294,1281,1293
3/2/2006,41,30,29,100,1298,1279,1291
3/9/2006,41,28,31,100,1288,1268,1278
3/16/2006,47,21,33,100,1304,1282,1303
3/23/2006,44,29,28,100,1311,1296,1305
3/30/2006,37,30,33,100,1306,1292,1303
4/6/2006,48,29,23,100,1313,1295,1312
4/13/2006,45,27,28,100,1301,1283,1288
4/20/2006,34,25,41,100,1310,1281,1310
4/27/2006,42,22,36,100,1316,1296,1311
5/4/2006,46,21,34,100,1317,1303,1308
5/11/2006,55,18,27,100,1327,1317,1323
5/18/2006,39,17,44,100,1292,1267,1270
5/25/2006,33,21,46,100,1265,1245,1259
6/1/2006,31,19,50,100,1286,1269,1286
6/8/2006,26,29,45,100,1257,1249,1250
6/15/2006,26,19,55,100,1244,1230,1243
6/22/2006,34,24,42,100,1252,1242,1245
6/29/2006,39,22,40,100,1257,1246,1256
7/6/2006,38,20,43,100,1278,1271,1274
7/13/2006,37,24,39,100,1259,1241,1242
7/20/2006,24,18,58,100,1263,1253,1256
7/27/2006,35,22,43,100,1274,1240,1268
8/3/2006,31,21,47,100,1284,1271,1280
8/10/2006,37,22,41,100,1273,1261,1272
8/17/2006,31,34,36,100,1296,1293,1294
8/24/2006,39,23,37,100,1297,1291,1292
8/31/2006,42,33,26,100,1306,1302,1303
9/7/2006,43,27,30,100,1301,1292,1298
9/14/2006,48,14,38,100,1318,1313,1316
9/21/2006,48,18,34,100,1328,1323,1327
9/28/2006,51,16,33,100,1340,1335,1337
10/5/2006,38,16,47,100,1352,1348,1349
10/12/2006,49,13,38,100,1359,1350,1358
10/19/2006,54,16,30,100,1368,1362,1367
10/26/2006,52,17,30,100,1387,1379,1385
11/2/2006,44,19,37,100,1367,1362,1366
11/9/2006,51,23,27,100,1389,1377,1378
11/16/2006,47,23,31,100,1402,1397,1400
11/23/2006,42,16,42,100,1408,1402,1406
11/30/2006,40,12,47,100,1403,1395,1396
12/7/2006,39,19,42,100,1416,1397,1413
12/14/2006,41,21,38,100,1425,1413,1422
12/21/2006,39,18,43,100,1426,1423,1426
12/28/2006,46,18,36,100,1427,1422,1425
1/4/2007,49,22,29,100,1422,1408,1418
1/11/2007,44,21,34,100,1419,1415,1419
1/18/2007,58,15,27,100,1433,1424,1426
1/25/2007,40,27,33,100,1441,1435,1436
2/1/2007,46,23,31,100,1447,1438,1446
2/8/2007,46,24,30,100,1453,1446,1450
2/15/2007,48,21,31,100,1458,1453,1457
2/22/2007,54,24,22,100,1462,1457,1460
3/1/2007,37,24,40,100,1408,1381,1406
3/8/2007,36,19,45,100,1408,1392,1406
3/15/2007,33,22,45,100,1396,1385,1392
3/22/2007,44,23,33,100,1437,1430,1432
3/29/2007,43,32,26,100,1426,1413,1423
4/5/2007,32,28,40,100,1440,1435,1439
4/12/2007,41,21,38,100,1448,1436,1439
4/19/2007,47,23,30,100,1477,1466,1473
4/26/2007,39,23,38,100,1497,1480,1495
5/3/2007,29,17,54,100,1499,1486,1496
5/10/2007,43,14,43,100,1514,1504,1513
5/17/2007,38,25,37,100,1514,1501,1514
5/24/2007,37,24,39,100,1532,1522,1522
5/31/2007,33,22,45,100,1530,1510,1530
6/7/2007,41,17,43,100,1531,1514,1517
6/14/2007,37,19,44,100,1516,1493,1516
6/21/2007,43,23,34,100,1537,1512,1513
6/28/2007,39,25,36,100,1516,1493,1516
7/5/2007,44,23,33,100,1526,1519,1525
7/12/2007,44,26,30,100,1519,1506,1519
7/19/2007,42,22,37,100,1549,1534,1546
7/26/2007,44,19,37,100,1524,1505,1518
8/2/2007,46,14,40,100,1463,1444,1452
8/9/2007,46,15,39,100,1504,1476,1497
8/16/2007,42,12,46,100,1441,1404,1407
8/23/2007,41,16,43,100,1464,1447,1464
8/30/2007,40,13,46,100,1464,1432,1464
9/6/2007,38,19,42,100,1489,1466,1472
9/13/2007,40,25,35,100,1479,1466,1472
9/20/2007,39,29,32,100,1539,1520,1529
9/27/2007,49,16,34,100,1529,1517,1525
10/4/2007,52,23,25,100,1546,1536,1540
10/11/2007,55,20,26,100,1565,1556,1562
10/18/2007,42,22,36,100,1550,1526,1541
10/25/2007,31,21,48,100,1520,1490,1516
11/1/2007,45,19,36,100,1552,1529,1549
11/8/2007,36,12,51,100,1519,1475,1476
11/15/2007,33,17,50,100,1492,1467,1471
11/22/2007,26,22,53,100,1440,1416,1417
11/29/2007,29,15,56,100,1471,1428,1469
12/6/2007,41,20,40,100,1486,1462,1485
12/13/2007,48,17,36,100,1485,1472,1480
12/20/2007,36,17,47,100,1464,1445,1453
12/27/2007,30,20,50,100,1498,1485,1496
1/3/2008,26,19,55,100,1456,1447,1450
1/10/2008,20,22,59,100,1409,1379,1409
1/17/2008,24,21,54,100,1392,1364,1373
1/24/2008,25,16,59,100,1339,1270,1339
1/31/2008,30,21,49,100,1386,1353,1356
2/7/2008,34,19,47,100,1352,1324,1326
2/14/2008,33,25,42,100,1369,1351,1367
2/21/2008,33,22,45,100,1367,1345,1349
2/28/2008,34,20,45,100,1388,1372,1380
3/6/2008,22,26,52,100,1344,1320,1334
3/13/2008,20,20,59,100,1333,1308,1309
3/20/2008,25,21,54,100,1342,1298,1298
3/27/2008,42,25,34,100,1352,1336,1341
4/3/2008,37,24,39,100,1378,1362,1368
4/10/2008,46,17,37,100,1368,1350,1354
4/17/2008,30,21,49,100,1365,1337,1365
4/24/2008,47,26,28,100,1388,1372,1380
5/1/2008,53,20,26,100,1405,1384,1386
5/8/2008,53,22,25,100,1394,1399,1389
5/15/2008,45,25,30,100,1412,1407,1409
5/22/2008,46,19,34,100,1396,1391,1391
5/29/2008,31,23,46,100,1393,1389,1391
6/5/2008,43,18,38,100,1393,1377,1377
6/12/2008,31,15,54,100,1353,1336,1335
6/19/2008,33,21,46,100,1341,1334,1338
6/26/2008,31,16,52,100,1316,1306,1322
7/3/2008,24,24,52,100,1270,1256,1262
7/10/2008,22,23,55,100,1252,1243,1245
7/17/2008,25,17,58,100,1259,1246,1245
7/24/2008,36,20,44,100,1283,1276,1282
7/31/2008,40,19,41,100,1282,1274,1284
8/7/2008,36,22,42,100,1279,1273,1289
8/14/2008,43,18,39,100,1286,1277,1286
8/21/2008,38,25,37,100,1300,1261,1275
8/28/2008,31,24,45,100,1292,1284,1282
9/4/2008,37,20,43,100,1272,1253,1275
9/11/2008,29,16,55,100,1275,1222,1232
9/18/2008,27,18,54,100,1184,1157,1156
9/25/2008,34,20,46,100,1213,1188,1186
10/2/2008,33,12,55,100,1161,1132,1161
10/9/2008,31,8,61,100,1005,987,985
10/16/2008,41,19,40,100,925,888,908
10/23/2008,39,23,39,100,910,884,897
10/30/2008,37,22,41,100,963,939,930
11/6/2008,45,22,33,100,952,934,953
11/13/2008,38,19,43,100,865,847,852
11/20/2008,24,18,57,100,806,777,807
11/27/2008,31,24,45,100,896,881,888
12/4/2008,27,26,48,100,873,859,871
12/11/2008,38,23,40,100,900,886,899
12/18/2008,40,25,36,100,910,900,904
12/25/2008,29,27,44,100,874,869,873
1/1/2009,24,21,55,100,935,899,903
1/8/2009,49,16,35,100,908,897,907
1/15/2009,28,25,47,100,842,826,843
1/22/2009,27,26,46,100,840,817,840
1/29/2009,25,27,47,100,869,854,874
2/5/2009,25,31,44,100,833,820,832
2/12/2009,33,28,39,100,830,811,834
2/19/2009,22,22,57,100,798,788,788
2/26/2009,24,21,55,100,779,766,765
3/5/2009,19,11,70,100,708,696,713
3/12/2009,28,18,54,100,727,715,721
3/19/2009,45,17,38,100,803,789,794
3/26/2009,39,18,42,100,827,814,814
4/2/2009,43,20,37,100,836,815,811
4/9/2009,36,20,44,100,851,829,825
4/16/2009,44,20,36,100,853,836,842
4/23/2009,32,30,39,100,848,835,844
4/30/2009,36,20,44,100,887,877,874
5/7/2009,44,23,33,100,930,920,920
5/14/2009,44,21,35,100,890,883,884
5/21/2009,34,21,45,100,900,884,903
5/28/2009,40,11,49,100,903,888,893
6/4/2009,48,16,37,100,936,931,932
6/11/2009,39,22,39,100,950,939,939
6/18/2009,33,20,46,100,914,908,911
6/25/2009,28,23,49,100,909,896,901
7/2/2009,38,18,45,100,921,903,923
7/9/2009,28,17,55,100,886,879,880
7/16/2009,29,24,47,100,934,928,933
7/23/2009,38,20,42,100,962,953,954
7/30/2009,48,21,31,100,995,976,975
8/6/2009,50,15,35,100,1008,998,1003
8/13/2009,51,16,33,100,1010,1001,1006
8/20/2009,34,26,40,100,1004,996,996
8/27/2009,34,17,49,100,1028,1017,1028
9/3/2009,38,24,38,100,1001,996,995
9/10/2009,37,19,44,100,1034,1028,1033
9/17/2009,42,18,40,100,1075,1067,1069
9/24/2009,39,16,45,100,1066,1051,1061
10/1/2009,44,21,35,100,1055,1044,1057
10/8/2009,35,24,41,100,1067,1060,1058
10/15/2009,47,19,34,100,1091,1087,1092
10/22/2009,40,24,36,100,1101,1081,1081
10/29/2009,34,24,42,100,1056,1044,1043
11/5/2009,22,22,56,100,1061,1047,1047
11/12/2009,39,23,39,100,1105,1063,1099
11/19/2009,43,25,32,100,1106,1090,1110
11/26/2009,42,17,42,100,1105,1084,1111
12/3/2009,42,25,34,100,1117,1109,1109
12/10/2009,43,22,35,100,1106,1099,1096
12/17/2009,42,29,28,100,1106,1098,1109
12/24/2009,38,25,38,100,1130,1126,1128
12/31/2009,49,28,23,100,1129,1117,1115
1/7/2010,41,33,26,100,1136,1131,1137
1/14/2010,47,26,27,100,1148,1144,1146
1/21/2010,40,25,35,100,1142,1137,1138
1/28/2010,35,28,37,100,1100,1093,1098
2/4/2010,29,28,43,100,1097,1075,1097
2/11/2010,37,21,42,100,1069,1061,1068
2/18/2010,36,29,35,100,1102,1097,1100
2/25/2010,35,36,30,100,1106,1106,1095
3/4/2010,36,38,26,100,1122,1119,1119
3/11/2010,45,29,25,100,1144,1140,1146
3/18/2010,35,35,30,100,1168,1165,1166
3/25/2010,32,33,35,100,1177,1170,1168
4/1/2010,41,28,31,100,1181,1171,1169
4/8/2010,43,27,30,100,1182,1175,1182
4/15/2010,48,22,30,100,1211,1209,1211
4/22/2010,38,28,34,100,1203,1190,1206
4/29/2010,41,30,29,100,1203,1193,1191
5/6/2010,39,32,29,100,1167,1162,1166
5/13/2010,37,27,37,100,1171,1164,1172
5/20/2010,41,25,34,100,1107,1088,1115
5/27/2010,30,19,51,100,1090,1074,1068
6/3/2010,37,22,41,100,1106,1099,1098
6/10/2010,34,22,43,100,1083,1059,1056
6/17/2010,42,27,31,100,1118,1106,1115
6/24/2010,34,33,32,100,1091,1079,1092
7/1/2010,25,33,42,100,1034,1022,1031
7/8/2010,21,22,57,100,1071,1063,1060
7/15/2010,39,23,38,100,1095,1081,1095
7/22/2010,32,23,45,100,1095,1072,1070
7/29/2010,40,27,33,100,1116,1110,1106
8/5/2010,30,31,38,100,1125,1119,1127
8/12/2010,40,30,30,100,1084,1077,1089
8/19/2010,30,27,42,100,1092,1077,1094
8/26/2010,21,30,49,100,1060,1055,1055
9/2/2010,31,27,42,100,1087,1080,1080
9/9/2010,44,25,32,100,1103,1092,1092
9/16/2010,51,25,24,100,1124,1119,1125
9/23/2010,45,30,25,100,1133,1123,1134
9/30/2010,43,26,32,100,1157,1146,1145
10/7/2010,49,23,28,100,1164,1157,1160
10/14/2010,47,26,27,100,1178,1174,1178
10/21/2010,50,25,25,100,1189,1180,1178
10/28/2010,51,27,22,100,1190,1184,1182
11/4/2010,48,22,30,100,1213,1198,1198
11/11/2010,58,14,28,100,1227,1220,1226
11/18/2010,40,28,33,100,1227,1173,1223
11/25/2010,47,28,25,100,1200,1198,1200
12/2/2010,50,24,26,100,1208,1187,1206
12/9/2010,53,24,23,100,1235,1187,1228
12/16/2010,50,23,27,100,1247,1240,1242
12/23/2010,63,20,16,100,1259,1255,1259
12/30/2010,52,28,20,100,1263,1259,1260
1/6/2011,56,26,18,100,1278,1254,1277
1/13/2011,52,24,23,100,1287,1276,1286
1/20/2011,51,20,29,100,1296,1290,1295
1/27/2011,42,24,34,100,1300,1292,1297
2/3/2011,52,22,27,100,1309,1275,1304
2/10/2011,49,24,27,100,1325,1316,1325
2/17/2011,47,28,26,100,1338,1330,1336
2/24/2011,37,27,36,100,1344,1338,1343
3/3/2011,37,30,33,100,1332,1321,1327
3/10/2011,36,32,32,100,1332,1313,1322
3/17/2011,28,31,40,100,1316,1294,1304
3/24/2011,38,27,35,100,1301,1293,1298
3/31/2011,42,27,31,100,1332,1322,1328
4/7/2011,44,28,29,100,1339,1329,1336
4/14/2011,42,27,31,100,1339,1309,1314
4/21/2011,32,37,31,100,1333,1319,1330
4/28/2011,38,31,31,100,1350,1337,1347
5/5/2011,35,33,32,100,1371,1359,1364
5/12/2011,31,34,36,100,1359,1348,1357
5/19/2011,27,32,41,100,1351,1333,1349
5/26/2011,26,33,41,100,1347,1336,1344
6/2/2011,30,36,33,100,1345,1314,1315
6/9/2011,24,28,48,100,1313,1298,1300
6/16/2011,29,28,43,100,1295,1280,1289
6/23/2011,37,27,36,100,1299,1287,1296
6/30/2011,38,31,30,100,1309,1297,1307
7/7/2011,42,34,25,100,1341,1334,1340
7/14/2011,39,31,29,100,1356,1313,1318
7/21/2011,40,30,31,100,1330,1296,1326
7/28/2011,38,31,31,100,1347,1303,1305
8/4/2011,27,23,50,100,1316,1235,1260
8/11/2011,33,22,45,100,1260,1102,1121
8/18/2011,36,25,40,100,1208,1121,1194
8/25/2011,36,23,41,100,1191,1121,1159
9/1/2011,39,29,32,100,1231,1136,1219
9/8/2011,30,30,40,100,1229,1140,1199
9/15/2011,31,28,41,100,1204,1136,1189
9/22/2011,25,27,48,100,1220,1157,1167
9/29/2011,33,21,47,100,1220,1114,1151
10/6/2011,35,19,46,100,1196,1075,1144
10/13/2011,40,24,36,100,1220,1075,1207
10/20/2011,36,29,35,100,1233,1187,1210
10/27/2011,43,32,25,100,1257,1191,1242
11/3/2011,40,30,30,100,1293,1215,1238
11/10/2011,45,31,25,100,1278,1215,1229
11/17/2011,42,27,31,100,1278,1227,1237
11/24/2011,33,29,38,100,1260,1159,1159
12/1/2011,33,28,39,100,1247,1159,1247
12/8/2011,39,27,35,100,1267,1192,1261
12/15/2011,40,26,34,100,1267,1209,1212
12/22/2011,34,38,28,100,1250,1202,1244
12/29/2011,41,29,31,100,1269,1202,1250
1/5/2012,49,34,17,100,1285,1249,1277
1/12/2012,49,34,17,100,1297,1265,1296
1/19/2012,47,29,24,100,1308,1275,1308
1/26/2012,48,33,19,100,1328,1290,1326
2/2/2012,44,31,25,100,1333,1300,1324
2/9/2012,52,28,20,100,1351,1307,1350
2/16/2012,43,31,27,100,1356,1336,1343
2/23/2012,44,29,28,100,1368,1341,1358
3/1/2012,45,29,27,100,1378,1352,1366
3/8/2012,42,29,29,100,1378,1340,1353
3/15/2012,46,27,27,100,1399,1340,1394
3/22/2012,42,30,28,100,1414,1372,1403
3/29/2012,42,32,25,100,1419,1387,1406
4/5/2012,38,34,28,100,1422,1392,1399
4/12/2012,28,30,42,100,1422,1357,1369
4/19/2012,31,35,34,100,1393,1357,1385
4/26/2012,28,35,37,100,1393,1359,1391
5/3/2012,35,36,28,100,1415,1367,1402
5/10/2012,25,33,42,100,1415,1343,1355
5/17/2012,24,30,46,100,1369,1325,1325
5/24/2012,30,31,39,100,1345,1292,1319
5/31/2012,28,30,42,100,1335,1296,1313
6/7/2012,27,27,46,100,1335,1267,1315
6/14/2012,34,30,36,100,1336,1274,1315
6/21/2012,33,31,36,100,1363,1307,1356
6/28/2012,29,27,44,100,1363,1309,1332
7/5/2012,33,34,33,100,1375,1313,1374
7/12/2012,30,35,35,100,1375,1333,1341
7/19/2012,22,36,42,100,1375,1325,1373
7/26/2012,28,29,43,100,1380,1329,1338
8/2/2012,30,35,35,100,1392,1329,1375
8/9/2012,36,36,27,100,1407,1355,1402
8/16/2012,37,35,28,100,1410,1394,1406
8/23/2012,42,32,26,100,1427,1401,1413
8/30/2012,35,33,33,100,1427,1398,1410
9/6/2012,33,34,33,100,1416,1397,1403
9/13/2012,36,31,33,100,1439,1397,1437
9/20/2012,38,29,34,100,1475,1429,1461
9/27/2012,36,27,36,100,1467,1431,1433
10/4/2012,34,33,33,100,1463,1431,1451
10/11/2012,31,31,39,100,1471,1431,1433
10/18/2012,29,27,45,100,1462,1426,1461
10/25/2012,29,28,43,100,1464,1407,1409
11/1/2012,36,23,41,100,1457,1403,1412
11/8/2012,38,22,40,100,1433,1388,1395
11/15/2012,29,22,49,100,1433,1353,1355
11/22/2012,36,23,41,100,1391,1343,1391
11/28/2012,41,25,34,100,1409,1360,1410
12/6/2012,42,23,35,100,1416,1385,1409
12/13/2012,43,27,30,100,1439,1398,1428
12/20/2012,46,29,25,100,1448,1412,1436
12/27/2012,44,25,30,100,1444,1416,1420
1/3/2013,39,25,36,100,1462,1398,1462
1/10/2013,46,27,27,100,1468,1398,1461
1/17/2013,44,29,27,100,1474,1452,1473
1/24/2013,52,23,24,100,1496,1464,1495
1/31/2013,48,28,24,100,1510,1481,1502
2/7/2013,43,28,30,100,1515,1495,1512
2/14/2013,42,29,29,100,1525,1496,1520
2/21/2013,42,26,33,100,1531,1511,1512
2/28/2013,28,35,37,100,1531,1485,1516
3/7/2013,31,30,39,100,1545,1485,1541
3/14/2013,45,23,32,100,1557,1541,1555
3/21/2013,39,28,33,100,1564,1539,1559
3/28/2013,38,33,29,100,1565,1539,1563
4/4/2013,35,36,28,100,1574,1546,1554
4/11/2013,19,26,54,100,1589,1540,1588
4/18/2013,27,25,48,100,1597,1544,1552
4/25/2013,28,33,39,100,1583,1536,1579
5/2/2013,31,33,36,100,1598,1563,1583
5/9/2013,41,32,27,100,1633,1581,1633
5/16/2013,38,32,29,100,1661,1617,1659
5/23/2013,49,29,22,100,1687,1634,1655
5/30/2013,36,34,30,100,1664,1636,1648
6/6/2013,29,32,39,100,1674,1607,1609
6/13/2013,33,32,35,100,1649,1598,1613
6/20/2013,37,33,30,100,1654,1608,1629
6/27/2013,30,35,35,100,1654,1560,1603
7/4/2013,42,34,24,100,1632,1592,1632
7/11/2013,49,33,18,100,1658,1605,1653
7/18/2013,48,31,21,100,1685,1643,1681
7/25/2013,45,32,23,100,1699,1672,1686
8/1/2013,36,39,25,100,1699,1676,1686
8/8/2013,39,34,27,100,1710,1682,1691
8/15/2013,35,37,28,100,1706,1683,1685
8/22/2013,29,28,43,100,1697,1639,1643
8/29/2013,34,36,31,100,1670,1627,1635
9/5/2013,36,33,31,100,1656,1628,1653
9/12/2013,46,30,25,100,1689,1633,1689
9/19/2013,45,25,30,100,1729,1674,1726
9/26/2013,36,33,31,100,1730,1692,1693
10/3/2013,38,32,30,100,1725,1675,1694
10/10/2013,41,25,34,100,1697,1646,1656
10/17/2013,46,29,25,100,1722,1646,1722
10/24/2013,49,33,18,100,1759,1696,1746
10/31/2013,45,34,21,100,1775,1741,1763
11/7/2013,45,33,22,100,1775,1753,1770
11/14/2013,39,33,27,100,1782,1746,1782
11/21/2013,34,36,29,100,1802,1761,1781
11/28/2013,47,24,28,100,1808,1777,1807
12/5/2013,43,30,28,100,1814,1779,1793
12/12/2013,41,34,25,100,1812,1779,1782
12/19/2013,47,27,25,100,1811,1768,1811
12/26/2013,55,26,19,100,1833,1768,1833
1/2/2014,43,28,29,100,1849,1810,1848
1/9/2014,44,31,25,100,1849,1824,1837
1/16/2014,39,40,21,100,1851,1816,1848
1/23/2014,38,38,24,100,1851,1816,1845
1/30/2014,32,35,33,100,1851,1816,1845
2/6/2014,28,36,36,100,1799,1738,1752
2/13/2014,40,33,27,100,1827,1738,1819
2/20/2014,42,35,23,100,1848,1827,1829
2/27/2014,40,39,21,100,1859,1825,1845
3/6/2014,41,33,27,100,1877,1834,1874
3/13/2014,41,32,27,100,1884,1849,1868
3/20/2014,37,37,26,100,1882,1840,1861
3/27/2014,31,40,29,100,1884,1850,1853
4/3/2014,35,38,27,100,1893,1842,1891
4/10/2014,28,37,34,100,1897,1837,1872
4/17/2014,27,39,34,100,1873,1814,1862
4/24/2014,35,39,26,100,1885,1816,1875
5/1/2014,30,41,29,100,1885,1851,1884
5/8/2014,28,43,29,100,1891,1860,1878
5/15/2014,33,44,23,100,1902,1860,1889
5/22/2014,30,43,26,100,1902,1862,1888
5/29/2014,36,40,23,100,1914,1868,1910
6/5/2014,40,38,22,100,1929,1902,1928
6/12/2014,45,34,21,100,1956,1919,1944
6/19/2014,35,41,24,100,1958,1926,1957
6/26/2014,37,42,21,100,1968,1934,1960
7/3/2014,39,39,22,100,1979,1945,1975
7/10/2014,38,34,29,100,1986,1958,1973
7/17/2014,32,39,28,100,1984,1953,1982
7/24/2014,30,40,30,100,1989,1956,1987
7/31/2014,31,38,31,100,1991,1962,1970
8/7/2014,31,31,38,100,1985,1911,1920
8/14/2014,40,33,27,100,1936,1905,1947
8/21/2014,46,30,24,100,1989,1928,1987
8/28/2014,52,29,19,100,2005,1973,2000
9/4/2014,45,31,24,100,2009,1991,2001
9/11/2014,40,33,27,100,2011,1983,1996
9/18/2014,42,35,23,100,2011,1978,2002
9/25/2014,42,30,28,100,2019,1979,1998
10/2/2014,35,34,31,100,2000,1942,1946
10/9/2014,40,29,31,100,1985,1925,1969
10/16/2014,43,24,34,100,1970,1821,1862
10/23/2014,50,28,23,100,1949,1821,1927
10/30/2014,49,30,21,100,1991,1909,1982
11/6/2014,53,32,15,100,2024,1964,2024
11/13/2014,58,23,19,100,2041,2001,2038
11/20/2014,49,27,24,100,2056,2030,2049
11/27/2014,52,27,21,100,2076,2040,2068
12/4/2014,43,31,26,100,2076,2050,2074
12/11/2014,45,33,22,100,2079,2024,2026
12/18/2014,39,34,27,100,2061,2002,2013
12/25/2014,51,30,19,100,2094,2019,2091
1/1/2015,52,29,19,100,2094,2017,2021
1/8/2015,41,31,28,100,2094,1992,2026
1/15/2015,46,32,21,100,2064,1988,2011
1/22/2015,37,32,31,100,2057,1988,2032
1/29/2015,44,33,22,100,2065,2001,2002
2/5/2015,35,32,32,100,2058,1981,2050
2/12/2015,40,40,20,100,2073,2023,2069
2/19/2015,47,35,18,100,2101,2042,2100
2/26/2015,45,34,20,100,2120,2085,2114
3/5/2015,40,37,23,100,2120,2088,2099
3/12/2015,32,43,25,100,2116,2040,2040
3/19/2015,27,41,31,100,2107,2040,2100
3/26/2015,38,37,24,100,2115,2061,2061
4/2/2015,35,33,32,100,2108,2046,2060
4/9/2015,29,47,24,100,2090,2048,2082
4/16/2015,32,45,23,100,2112,2073,2107
4/23/2015,31,45,23,100,2112,2072,2108
4/30/2015,31,47,22,100,2126,2091,2107
5/7/2015,27,46,27,100,2121,2068,2080
5/14/2015,27,47,26,100,2118,2068,2098
5/21/2015,25,50,25,100,2135,2086,2126
5/28/2015,27,48,25,100,2135,2099,2123
6/4/2015,27,48,25,100,2126,2099,2114
6/11/2015,20,47,33,100,2122,2072,2105
6/18/2015,25,40,34,100,2115,2072,2100
6/25/2015,36,43,22,100,2130,2082,2109
7/2/2015,23,42,35,100,2128,2056,2077
7/9/2015,28,43,29,100,2099,2044,2047
7/16/2015,31,46,23,100,2114,2044,2107
7/23/2015,33,42,26,100,2133,2102,2114
7/30/2015,21,38,41,100,2133,2064,2109
8/6/2015,24,44,32,100,2114,2064,2100
8/13/2015,30,33,36,100,2113,2052,2086
8/20/2015,27,40,33,100,2103,2052,2080
8/27/2015,33,29,38,100,2103,1867,1941
9/3/2015,32,36,32,100,1993,1867,1949
9/10/2015,35,30,35,100,1989,1903,1942
9/17/2015,33,38,29,100,1997,1927,1995
9/24/2015,32,39,29,100,2021,1939,1967
10/1/2015,28,32,40,100,1980,1872,1884
10/8/2015,38,34,28,100,1999,1872,1996
10/15/2015,34,39,27,100,2022,1972,1994
10/22/2015,35,41,24,100,2039,1991,2019
10/29/2015,40,39,21,100,2090,2017,2090
11/5/2015,39,42,19,100,2116,2059,2102
11/12/2015,34,43,23,100,2116,2068,2075
11/19/2015,31,39,31,100,2087,2019,2084
11/26/2015,32,42,26,100,2097,2052,2090
12/3/2015,29,49,21,100,2104,2070,2080
12/10/2015,29,42,30,100,2104,2037,2048
12/17/2015,24,37,39,100,2080,1993,2073
12/24/2015,26,42,31,100,2077,1993,2064
12/31/2015,25,51,24,100,2082,2006,2063
1/7/2016,22,40,38,100,2082,1979,1990
1/14/2016,18,37,46,100,2022,1886,1890
1/21/2016,22,30,49,100,1950,1812,1859
1/28/2016,30,30,40,100,1917,1812,1883
2/4/2016,28,38,35,100,1947,1872,1913
2/11/2016,19,32,49,100,1935,1828,1852
2/18/2016,28,35,38,100,1931,1810,1927
2/25/2016,31,37,31,100,1947,1871,1930
3/3/2016,32,39,29,100,1987,1891,1986
3/10/2016,37,38,24,100,2009,1969,1989
3/17/2016,30,43,27,100,2032,1969,2027
3/24/2016,34,43,24,100,2057,2010,2037
3/31/2016,27,47,26,100,2072,2022,2064
4/7/2016,32,46,21,100,2075,2043,2067
4/14/2016,28,47,25,100,2083,2034,2082
4/21/2016,33,43,24,100,2111,2066,2102
4/28/2016,27,44,29,100,2111,2078,2095
5/5/2016,22,47,30,100,2100,2046,2051
5/12/2016,20,48,31,100,2085,2039,2064
5/19/2016,19,47,34,100,2083,2034,2048
5/26/2016,18,53,29,100,2095,2026,2091
6/2/2016,30,41,29,100,2103,2079,2099
6/9/2016,28,44,28,100,2119,2085,2112
6/16/2016,25,37,38,100,2121,2064,2072
6/23/2016,22,43,35,100,2101,2050,2085
6/30/2016,29,38,33,100,2113,1992,2071
7/7/2016,31,42,27,100,2109,2043,2100
7/14/2016,37,39,24,100,2156,2074,2152
7/21/2016,35,38,27,100,2176,2146,2173
7/28/2016,31,40,28,100,2176,2159,2167
8/4/2016,30,43,27,100,2178,2148,2164
8/11/2016,31,42,27,100,2188,2153,2175
8/18/2016,36,38,26,100,2194,2169,2182
8/25/2016,29,41,30,100,2193,2169,2175
9/1/2016,29,40,32,100,2188,2157,2171
9/8/2016,30,42,28,100,2188,2157,2186
9/15/2016,28,36,36,100,2188,2119,2126
9/22/2016,25,37,38,100,2165,2120,2163
9/29/2016,24,39,37,100,2180,2140,2171
10/6/2016,29,43,28,100,2175,2144,2160
10/13/2016,25,41,34,100,2170,2129,2139
10/20/2016,24,38,38,100,2149,2115,2144
10/27/2016,25,41,34,100,2155,2130,2139
11/3/2016,24,42,34,100,2147,2094,2098
11/10/2016,39,32,29,100,2170,2084,2163
11/17/2016,47,27,27,100,2182,2101,2164
11/24/2016,50,28,22,100,2205,2172,2205
12/1/2016,44,31,25,100,2214,2195,2199
12/8/2016,43,30,26,100,2242,2187,2241
12/15/2016,45,23,32,100,2278,2209,2253
12/22/2016,45,26,29,100,2273,2254,2259
12/29/2016,46,29,26,100,2274,2249,2250
1/5/2017,46,29,25,100,2274,2234,2271
1/12/2017,44,29,27,100,2282,2260,2275
1/19/2017,37,30,33,100,2279,2254,2272
1/26/2017,32,35,33,100,2300,2257,2298
2/2/2017,33,33,34,100,2301,2267,2280
2/9/2017,36,37,28,100,2299,2272,2295
2/16/2017,33,35,32,100,2351,2297,2347
2/23/2017,38,29,32,100,2367,2322,2363
3/2/2017,38,26,36,100,2401,2353,2396
3/9/2017,30,24,47,100,2401,2361,2363
3/16/2017,31,30,39,100,2390,2355,2385
3/23/2017,35,34,31,100,2390,2336,2348
3/30/2017,30,32,37,100,2364,2322,2361
4/6/2017,28,32,40,100,2378,2345,2353
4/13/2017,29,34,37,100,2378,2337,2345
4/20/2017,26,36,39,100,2355,2329,2338
4/27/2017,38,30,32,100,2398,2335,2387
5/4/2017,38,32,30,100,2398,2380,2388
5/11/2017,33,37,30,100,2404,2380,2400
5/18/2017,24,42,34,100,2406,2356,2357
5/25/2017,33,37,30,100,2406,2353,2404
6/1/2017,27,42,32,100,2419,2394,2412
6/8/2017,35,35,30,100,2440,2404,2433
6/15/2017,32,38,29,100,2446,2416,2438
6/22/2017,33,38,29,100,2454,2419,2436
6/29/2017,30,43,27,100,2450,2419,2441
7/6/2017,30,41,30,100,2443,2406,2433
7/13/2017,28,42,30,100,2446,2408,2443
7/20/2017,35,39,26,100,2474,2436,2474
7/27/2017,34,41,24,100,2482,2464,2478
8/3/2017,36,32,32,100,2484,2470,2478
8/10/2017,34,34,32,100,2491,2462,2474
8/17/2017,34,33,33,100,2475,2438,2468
8/24/2017,28,34,38,100,2475,2417,2444
8/31/2017,25,35,40,100,2460,2428,2458
9/7/2017,29,35,36,100,2480,2428,2466
9/14/2017,41,37,22,100,2498,2459,2498
9/21/2017,40,33,27,100,2509,2491,2508
9/28/2017,33,38,29,100,2512,2488,2507
10/5/2017,36,32,33,100,2541,2496,2538
10/12/2017,40,33,27,100,2555,2532,2555
10/19/2017,38,34,28,100,2564,2548,2561
10/26/2017,40,27,33,100,2578,2544,2557
11/2/2017,45,26,29,100,2588,2544,2579
11/9/2017,45,32,23,100,2597,2566,2594
11/16/2017,29,35,35,100,2595,2557,2565
11/23/2017,35,35,29,100,2601,2557,2602
11/30/2017,36,32,32,100,2635,2589,2626
12/7/2017,37,29,34,100,2665,2620,2629
12/14/2017,45,27,28,100,2672,2625,2663
12/21/2017,50,24,26,100,2695,2652,2679
12/28/2017,53,27,21,100,2694,2676,2683
1/4/2018,60,25,16,100,2714,2674,2713
1/11/2018,49,26,25,100,2759,2698,2748
1/18/2018,54,24,21,100,2808,2736,2803
1/25/2018,45,31,24,100,2853,2778,2838
2/1/2018,45,26,29,100,2873,2813,2824
2/8/2018,37,28,35,100,2839,2593,2682
2/15/2018,49,30,21,100,2728,2533,2699
2/22/2018,45,33,23,100,2754,2637,2701
3/1/2018,37,39,23,100,2789,2698,2714
3/8/2018,26,45,28,100,2762,2647,2727
3/15/2018,37,42,21,100,2802,2702,2749
3/22/2018,33,38,28,100,2777,2695,2712
3/29/2018,32,33,35,100,2739,2586,2605
4/5/2018,32,31,37,100,2675,2554,2645
4/12/2018,26,31,43,100,2672,2574,2642
4/19/2018,38,33,29,100,2717,2639,2709
4/26/2018,37,38,26,100,2717,2613,2639
5/3/2018,28,41,30,100,2683,2613,2636
5/10/2018,34,41,26,100,2701,2595,2698
5/17/2018,37,43,21,100,2742,2674,2722
5/24/2018,39,36,25,100,2742,2709,2733
5/31/2018,35,39,26,100,2742,2677,2724
6/7/2018,39,34,27,100,2772,2701,2772
6/14/2018,45,34,22,100,2791,2748,2776
6/21/2018,39,35,26,100,2791,2743,2767
6/28/2018,28,31,41,100,2775,2699,2700
7/5/2018,28,33,39,100,2746,2692,2713
7/12/2018,43,28,29,100,2796,2711,2774
7/19/2018,35,40,25,100,2817,2771,2816
7/26/2018,32,42,27,100,2848,2795,2846
8/2/2018,29,39,32,100,2848,2798,2813
8/9/2018,36,33,31,100,2863,2796,2858
8/16/2018,36,35,29,100,2862,2802,2818
8/23/2018,38,34,27,100,2873,2802,2862
8/30/2018,43,32,24,100,2917,2854,2914
9/6/2018,42,31,26,100,2917,2877,2889
9/13/2018,32,35,33,100,2895,2864,2889
9/20/2018,32,36,32,100,2912,2879,2908
9/27/2018,36,33,31,100,2941,2903,2906
10/4/2018,46,29,25,100,2940,2903,2926
10/11/2018,31,34,35,100,2940,2785,2786
10/18/2018,34,31,35,100,2874,2711,2809
10/25/2018,28,31,41,100,2817,2652,2656
11/1/2018,38,28,34,100,2743,2604,2712
11/8/2018,41,28,31,100,2815,2700,2814
11/15/2018,35,29,36,100,2815,2686,2702
11/22/2018,25,28,47,100,2747,2632,2650
11/29/2018,34,27,39,100,2744,2631,2744
12/6/2018,38,32,30,100,2800,2656,2700
12/13/2018,21,30,49,100,2786,2583,2651
12/20/2018,25,28,47,100,2685,2489,2507
12/27/2018,32,18,50,100,2585,2347,2468
1/3/2019,33,24,43,100,2520,2347,2510
1/10/2019,38,32,29,100,2595,2444,2585
1/17/2019,34,30,36,100,2626,2562,2616
1/24/2019,38,30,32,100,2675,2585,2639
1/31/2019,32,36,32,100,2690,2613,2681
2/7/2019,40,37,23,100,2739,2648,2732
2/14/2019,35,40,25,100,2762,2682,2753
2/21/2019,39,35,25,100,2787,2704,2780
2/28/2019,42,38,20,100,2796,2765,2792
3/7/2019,37,36,27,100,2817,2768,2771
3/14/2019,32,37,31,100,2821,2722,2811
3/21/2019,37,39,23,100,2852,2800,2824
3/28/2019,33,40,27,100,2860,2785,2805
4/4/2019,35,37,28,100,2885,2788,2873
4/11/2019,40,39,20,100,2896,2865,2888
4/18/2019,38,41,22,100,2918,2879,2900
4/25/2019,34,46,20,100,2937,2892,2927
5/2/2019,39,40,21,100,2954,2913,2924
5/9/2019,43,34,23,100,2954,2863,2879
5/16/2019,30,31,39,100,2898,2801,2851
5/23/2019,25,39,36,100,2892,2815,2856
5/30/2019,25,35,40,100,2869,2766,2783
6/6/2019,23,35,43,100,2827,2729,2826
6/13/2019,27,39,34,100,2911,2801,2880
6/20/2019,30,38,32,100,2932,2875,2926
6/27/2019,30,38,32,100,2964,2911,2914
7/3/2019,33,34,32,100,2996,2913,2996
7/11/2019,34,39,28,100,3003,2956,2993
7/18/2019,36,35,29,100,3018,2984,2984
7/25/2019,32,36,32,100,3020,2973,3020
8/1/2019,38,38,24,100,3028,2958,2980
8/8/2019,22,30,48,100,3017,2822,2884
8/15/2019,23,32,45,100,2943,2826,2841
8/22/2019,27,34,40,100,2931,2826,2924
8/29/2019,26,32,42,100,2939,2835,2888
9/5/2019,29,32,40,100,2940,2853,2938
9/12/2019,33,36,31,100,3001,2922,3001
9/19/2019,35,37,28,100,3021,2975,3007
9/26/2019,29,37,33,100,3022,2953,2985
10/3/2019,21,39,39,100,2993,2875,2888
10/10/2019,20,36,44,100,2960,2856,2919
10/17/2019,34,35,31,100,3003,2907,2990
10/24/2019,36,36,28,100,3015,2976,3005
10/31/2019,34,38,28,100,3050,2991,3047
11/7/2019,40,36,24,100,3085,3023,3077
11/14/2019,41,34,25,100,3103,3066,3094
11/21/2019,34,37,29,100,3128,3079,3108
11/29/2019,34,36,30,100,3154,3091,3154
12/5/2019,32,39,29,100,3154,3070,3113
12/12/2019,38,36,26,100,3151,3103,3142
12/19/2019,44,35,20,100,3198,3133,3191
12/26/2019,42,37,22,100,3228,3191,3223
1/2/2020,37,41,22,100,3248,3212,3231
1/9/2020,33,37,30,100,3267,3212,3253
1/16/2020,42,31,28,100,3299,3237,3289
1/23/2020,46,30,25,100,3338,3277,3322
1/30/2020,32,31,37,100,3338,3235,3273
2/6/2020,34,31,35,100,3338,3215,3335
2/13/2020,41,32,26,100,3381,3314,3379
2/20/2020,41,31,29,100,3394,3353,3386
2/27/2020,30,30,39,100,3394,3109,3116
3/5/2020,39,22,40,100,3137,2856,3130
3/12/2020,30,19,51,100,3131,2707,2741
3/19/2020,34,15,51,100,2826,2281,2398
3/26/2020,33,15,52,100,2571,2192,2476
4/2/2020,34,16,50,100,2641,2408,2471
4/9/2020,37,19,45,100,2761,2447,2750
4/16/2020,35,22,43,100,2852,2658,2783
4/23/2020,25,25,50,100,2879,2727,2799
4/30/2020,31,25,44,100,2955,2776,2940
5/7/2020,24,24,53,100,2955,2798,2848
5/14/2020,23,26,51,100,2946,2793,2820
5/21/2020,29,26,45,100,2980,2767,2972
5/28/2020,33,25,42,100,3036,2922,3036
6/4/2020,35,27,39,100,3131,2970,3123
6/11/2020,34,28,38,100,3223,3090,3190
6/18/2020,24,28,48,100,3223,2966,3113
6/25/2020,24,27,49,100,3156,3032,3050
7/2/2020,22,32,46,100,3128,3000,3116
7/9/2020,27,30,43,100,3184,3048,3170
7/16/2020,31,24,45,100,3238,3116,3227
7/23/2020,26,27,47,100,3279,3199,3276
7/30/2020,20,31,48,100,3280,3200,3258
8/6/2020,23,29,48,100,3331,3204,3328
8/13/2020,30,28,42,100,3388,3317,3380
8/20/2020,30,27,42,100,3400,3355,3375
8/27/2020,32,28,40,100,3481,3355,3479
9/3/2020,31,27,42,100,3588,3444,3581
9/10/2020,24,28,48,100,3588,3329,3399
9/17/2020,32,28,40,100,3429,3310,3385
9/24/2020,25,29,46,100,3429,3229,3237
10/1/2020,26,31,43,100,3394,3209,3363
10/8/2020,35,26,39,100,3432,3324,3419
10/15/2020,35,29,36,100,3550,3385,3489
10/22/2020,36,31,33,100,3528,3420,3436
10/29/2020,35,29,35,100,3466,3269,3271
11/5/2020,38,31,31,100,3486,3234,3443
11/12/2020,56,19,25,100,3646,3405,3573
11/19/2020,44,29,26,100,3623,3405,3568
11/27/2020,47,25,27,100,3642,3544,3630
12/3/2020,49,28,23,100,3678,3594,3669
12/10/2020,48,25,27,100,3712,3645,3673
12/17/2020,43,30,26,100,3712,3633,3701
12/24/2020,44,34,22,100,3727,3636,3690
12/31/2020,46,27,27,100,3756,3676,3732
1/7/2021,45,23,32,100,3783,3663,3748
1/21/2021,43,23,34,100,3860,3750,3852
1/28/2021,38,24,38,100,3871,3732,3751
2/4/2021,37,27,36,100,3848,3694,3830
2/11/2021,45,28,26,100,3932,3817,3910
2/18/2021,47,28,25,100,3950,3885,3931
2/25/2021,46,30,24,100,3924,3911,3924
3/4/2021,40,34,25,100,3838,3817,3837
3/11/2021,49,27,24,100,3917,3886,3899
3/18/2021,49,27,24,100,3954,3947,3952
3/25/2021,51,28,21,100,3887,3865,3881
4/1/2021,46,31,23,100,4013,4013,4013
4/8/2021,57,23,20,100,4094,4090,4091
4/15/2021,54,22,25,100,4152,4121,4125
4/22/2021,53,27,21,100,4170,4160,4162
4/29/2021,43,32,26,100,4219,4190,4196
5/6/2021,44,33,23,100,4187,4147,4181
5/13/2021,37,37,27,100,4135,4057,4063
5/20/2021,37,37,26,100,4140,4122,4138
5/27/2021,36,37,26,100,4213,4202,4211
6/3/2021,44,36,20,100,4204,4168,4202
6/10/2021,40,39,21,100,4250,4168,4239
6/17/2021,41,33,26,100,4257,4202,4214
6/24/2021,40,36,23,100,4269,4164,4266
7/1/2021,49,29,22,100,4302,4257,4298
7/8/2021,40,35,25,100,4362,4301,4358
7/15/2021,36,37,27,100,4392,4330,4369
7/22/2021,31,39,31,100,4375,4323,4359
7/29/2021,36,40,24,100,4423,4350,4401
8/5/2021,36,32,32,100,4430,4373,4403
8/12/2021,37,32,32,100,4449,4409,4442
8/19/2021,33,32,35,100,4473,4398,4400
8/26/2021,40,27,33,100,4502,4368,4496
9/2/2021,43,23,33,100,4537,4469,4524
9/9/2021,39,34,27,100,4546,4494,4514
9/16/2021,22,38,39,100,4530,4435,4481
9/23/2021,30,31,39,100,4472,4306,4396
9/30/2021,28,31,41,100,4465,4346,4359
10/7/2021,25,38,37,100,4383,4279,4364
10/14/2021,38,30,32,100,4430,4330,4364
10/21/2021,47,25,28,100,4541,4387,4536
10/27/2021,40,31,29,100,4599,4524,4552
11/4/2021,42,33,26,100,4683,4563,4661
11/11/2021,48,28,24,100,4719,4631,4646
11/18/2021,39,34,27,100,4715,4648,4689
11/24/2021,34,30,36,100,4744,4653,4691
12/2/2021,27,31,42,100,4673,4505,4513
12/9/2021,30,40,31,100,4705,4541,4701
12/16/2021,25,35,39,100,4731,4607,4710
12/23/2021,30,37,34,100,4722,4531,4697
12/30/2021,38,32,31,100,4807,4704,4793
1/6/2022,33,34,33,100,4819,4699,4701
1/13/2022,25,37,38,100,4749,4638,4726
1/20/2022,21,32,47,100,4602,4547,4533
1/27/2022,23,24,53,100,4453,4223,4350
2/3/2022,26,30,44,100,4595,4292,4589
2/10/2022,24,40,35,100,4590,4484,4587
2/17/2022,19,38,43,100,4526,4365,4475
2/24/2022,23,23,54,100,4395,4115,4226
3/3/2022,30,28,41,100,4417,4280,4387
3/10/2022,24,30,46,100,4342,4158,4278
3/17/2022,22,28,50,100,4372,4162,4358
3/24/2022,33,32,35,100,4522,4391,4456
3/31/2022,32,41,28,100,4637,4501,4602
4/7/2022,25,34,41,100,4593,4450,4481
4/14/2022,16,36,48,100,4520,4381,4447
4/21/2022,19,37,44,100,4513,4370,4459
4/28/2022,16,24,59,100,4386,4163,4184
5/5/2022,27,20,53,100,4308,4195,4300
5/12/2022,24,27,49,100,4158,3877,3935
5/19/2022,26,24,50,100,4091,3891,3924
5/26/2022,20,27,53,100,3999,3810,3979
6/2/2022,32,31,37,100,4168,3985,4101
6/9/2022,21,32,47,100,4147,4074,4116
6/16/2022,19,22,58,100,4119,3706,3790
6/23/2022,18,22,59,100,3802,3637,3760
6/30/2022,23,31,47,100,3946,3744,3819
7/7/2022,19,28,53,100,3919,3742,3899
7/14/2022,27,27,47,100,3881,3759,3802
7/21/2022,30,28,42,100,3974,3819,3960
7/28/2022,28,32,40,100,4040,3911,4024
8/4/2022,31,31,39,100,4168,4080,4155
8/11/2022,32,31,37,100,4211,4112,4210
8/18/2022,33,30,37,100,4325,4253,4274
8/25/2022,28,30,42,100,4195,4120,4141
9/1/2022,22,28,50,100,4063,3955,3955
9/8/2022,18,29,53,100,3988,3887,3980
9/15/2022,26,28,46,100,4119,3912,3946
9/22/2022,18,21,61,100,3907,3789,3790
9/29/2022,20,19,61,100,3737,3623,3719
10/6/2022,24,21,55,100,3791,3586,3783
10/13/2022,20,24,56,100,3791,3586,3783
10/20/2022,23,21,56,100,3720,3492,3695
10/27/2022,27,28,46,100,3859,3666,3831
11/3/2022,31,37,33,100,3912,3759,3760
11/10/2022,25,28,47,100,3859,3698,3749
11/17/2022,33,26,40,100,4029,3860,3959
11/24/2022,29,31,40,100,4034,3907,4027
12/1/2022,24,35,40,100,4080,3938,4080
12/8/2022,25,33,42,100,4101,3918,3934
12/15/2022,24,31,45,100,4101,3974,3995
12/22/2022,20,27,52,100,3958,3796,3878
12/29/2022,26,26,48,100,3853,3764,3783
1/5/2023,21,38,42,100,3878,3794,3853
1/12/2023,24,36,40,100,3970,3802,3970
1/19/2023,31,36,33,100,4015,3927,3929
1/26/2023,28,35,37,100,4039,3886,4016
2/2/2023,30,36,35,100,4149,4018,4119
2/9/2023,38,38,25,100,4195,4088,4118
2/16/2023,34,37,29,100,4160,4070,4148
2/23/2023,22,40,39,100,4137,3997,3997
3/2/2023,23,32,45,100,4028,3939,3951
3/9/2023,25,33,42,100,4078,3928,3986
3/16/2023,19,32,48,100,4018,3809,3892
3/23/2023,21,30,49,100,4039,3864,3960
3/30/2023,23,32,46,100,4058,4032,4051
4/6/2023,33,32,35,100,4086,4078,4078
4/13/2023,26,39,34,100,4120,4099,4115
4/20/2023,27,38,35,100,4169,4099,4155
4/27/2023,24,37,39,100,4090,4049,4056
5/4/2023,24,31,45,100,4148,4089,4091
5/11/2023,29,29,41,100,4148,4089,4091
5/18/2023,23,37,40,100,4165,4114,4159
5/25/2023,27,33,40,100,4133,4104,4115
6/1/2023,29,34,37,100,4195,4166,4180
6/8/2023,45,31,24,100,4299,4264,4268
6/15/2023,45,32,23,100,4392,4338,4373
6/22/2023,43,29,28,100,4386,4360,4366
6/29/2023,42,31,27,100,4367,4360,4377
7/6/2023,46,29,24,100,4454,4437,4447
7/13/2023,41,33,26,100,4488,4463,4472
7/20/2023,51,27,21,100,4578,4489,4566
7/27/2023,45,31,24,100,4582,4528,4567
8/3/2023,49,30,21,100,4607,4506,4513
8/10/2023,45,30,26,100,4540,4461,4468
8/17/2023,36,34,30,100,4527,4404,4404
8/24/2023,32,32,36,100,4443,4335,4436
8/31/2023,33,32,35,100,4522,4356,4515
9/7/2023,42,28,30,100,4514,4442,4465
9/14/2023,34,36,29,100,4491,4430,4467
9/21/2023,31,34,35,100,4512,4401,4402
9/28/2023,28,31,41,100,4376,4239,4275
10/5/2023,30,28,42,100,4333,4216,4264
10/12/2023,40,24,36,100,4385,4220,4377
10/19/2023,34,31,35,100,4394,4304,4315
10/26/2023,29,28,43,100,4340,4181,4187
11/2/2023,24,25,50,100,4246,4104,4238
11/9/2023,43,30,27,100,4391,4268,4383
11/16/2023,44,28,28,100,4521,4344,4503
11/23/2023,45,31,24,100,4568,4488,4557
11/30/2023,49,32,20,100,4588,4541,4551
12/7/2023,47,25,27,100,4591,4547,4549
12/14/2023,51,29,19,100,4710,4565,4707
12/21/2023,53,26,21,100,4778,4694,4698
12/28/2023,46,29,25,100,4785,4708,4782
1/4/2024,49,28,23,100,4793,4700,4705
1/11/2024,49,27,24,100,4791,4682,4783
1/18/2024,40,33,27,100,4802,4715,4739
1/25/2024,39,35,26,100,4904,4741,4869
2/1/2024,49,26,25,100,4931,4845,4846
2/8/2024,49,28,23,100,5000,4854,4995
2/15/2024,42,31,27,100,5048,4920,5001
2/22/2024,44,30,26,100,5039,4946,4982
2/29/2024,46,32,21,100,5098,5039,5070
3/7/2024,52,26,22,100,5150,5057,5105
3/14/2024,46,32,22,100,5189,5091,5165
3/21/2024,43,30,27,100,5226,5104,5225
3/28/2024,50,28,22,100,5261,5203,5248
4/4/2024,47,30,22,100,5265,5184,5211
4/11/2024,43,33,24,100,5222,5189,5161
4/18/2024,38,28,34,100,5175,5007,5022
4/25/2024,32,34,34,100,5089,4954,5072
5/2/2024,38,29,32,100,5123,4991,5018
5/9/2024,41,35,24,100,5200,5011,5188
5/16/2024,41,36,23,100,5312,5180,5308
5/23/2024,47,27,26,100,5325,5284,5307
5/30/2024,39,34,27,100,5342,5257,5267
6/6/2024,39,29,32,100,5354,5192,5354
6/13/2024,45,30,26,100,5447,5327,5421
6/20/2024,44,33,23,100,5490,5403,5487
6/27/2024,44,27,28,100,5506,5447,5478
7/4/2024,42,32,26,100,5539,5447,5537
7/11/2024,49,29,22,100,5591,5532,5634
7/18/2024,53,24,23,100,5670,5577,5588
7/25/2024,43,25,32,100,5614,5420,5427
8/1/2024,45,30,25,100,5552,5391,5522
8/8/2024,41,22,37,100,5566,5119,5200
8/15/2024,43,29,29,100,5462,5234,5455
8/22/2024,52,25,24,100,5633,5525,5621
8/29/2024,51,22,27,100,5652,5585,5626
9/5/2024,45,30,25,100,5651,5504,5520
9/12/2024,40,29,31,100,5560,5403,5554
9/19/2024,51,23,26,100,5690,5536,5618
9/26/2024,50,27,24,100,5741,5674,5722
10/3/2024,45,27,27,100,5765,5674,5710
10/10/2024,49,30,21,100,5797,5687,5792
10/17/2024,45,29,25,100,5871,5775,5842
10/24/2024,38,32,30,100,5878,5762,5797
10/31/2024,39,30,31,100,5863,5800,5814
11/7/2024,42,31,28,100,5936,5697,5929
11/14/2024,50,22,28,100,6017,5960,5985
11/21/2024,41,25,33,100,5924,5853,5917
11/28/2024,37,24,39,100,6025,5944,5999
12/5/2024,48,21,31,100,6090,6004,6086
12/12/2024,43,25,32,100,6100,6030,6084
12/19/2024,41,28,31,100,6085,5868,5872
12/26/2024,38,28,34,100,6040,5832,6040
1/2/2025,35,30,34,100,6006,5869,5882
1/9/2025,35,28,37,100,6021,5875,5918
1/16/2025,25,34,41,100,5961,5773,5950
1/23/2025,43,27,29,100,6101,5978,6086
1/30/2025,41,25,34,100,6128,5963,6039
2/6/2025,33,24,43,100,6121,5924,6061
2/13/2025,28,24,47,100,6101,6003,6052
2/20/2025,29,30,40,100,6147,6051,6144
2/27/2025,19,20,61,100,6135,5908,5956
3/6/2025,19,24,57,100,5986,5733,5843
3/13/2025,19,22,59,100,5812,5528,5590
3/20/2025,22,20,58,100,5715,5505,5675
3/27/2025,27,20,52,100,5787,5603,5712
4/3/2025,22,16,62,100,5695,5489,5671
4/10/2025,29,13,59,100,5481,4835,5457
4/17/2025,25,18,57,100,5459,5221,5276
