"","symbol","date","adjusted","volume"
"1","VOO",2022-12-01,360.841217041016,4608600
"2","VOO",2022-12-02,360.320953369141,3596000
"3","VOO",2022-12-05,353.904541015625,3707000
"4","VOO",2022-12-06,348.788726806641,3911000
"5","VOO",2022-12-07,348.114379882812,3338000
"6","VOO",2022-12-08,350.860137939453,3604500
"7","VOO",2022-12-09,348.297424316406,4271400
"8","VOO",2022-12-12,353.268707275391,2946200
"9","VOO",2022-12-13,355.879577636719,6161800
"10","VOO",2022-12-14,353.731140136719,4707100
"11","VOO",2022-12-15,345.031433105469,5126800
"12","VOO",2022-12-16,340.917541503906,4533100
"13","VOO",2022-12-19,337.979187011719,5538500
"14","VOO",2022-12-20,338.494140625,5068200
"15","VOO",2022-12-21,343.557006835938,3832400
"16","VOO",2022-12-22,338.726501464844,6458200
"17","VOO",2022-12-23,340.623809814453,4572000
"18","VOO",2022-12-27,339.2685546875,4303200
"19","VOO",2022-12-28,335.106018066406,4464600
"20","VOO",2022-12-29,341.049713134766,4086600
"21","VOO",2022-12-30,340.110778808594,5325400
"22","VOO",2023-01-03,338.803924560547,4957300
"23","VOO",2023-01-04,341.243377685547,3119100
"24","VOO",2023-01-05,337.516418457031,3216500
"25","VOO",2023-01-06,345.192932128906,3464800
"26","VOO",2023-01-09,344.941253662109,3775300
"27","VOO",2023-01-10,347.400054931641,3495700
"28","VOO",2023-01-11,351.833740234375,5710500
"29","VOO",2023-01-12,353.150268554688,4743500
"30","VOO",2023-01-13,354.52490234375,3015200
"31","VOO",2023-01-17,353.982727050781,4942000
"32","VOO",2023-01-18,348.232604980469,3931800
"33","VOO",2023-01-19,345.725372314453,3569900
"34","VOO",2023-01-20,352.085388183594,3265100
"35","VOO",2023-01-23,356.373870849609,3243300
"36","VOO",2023-01-24,355.996276855469,2702400
"37","VOO",2023-01-25,356.122100830078,3061700
"38","VOO",2023-01-26,359.926513671875,3460900
"39","VOO",2023-01-27,360.95263671875,5549500
"40","VOO",2023-01-30,356.441619873047,3280600
"41","VOO",2023-01-31,361.504455566406,4181700
"42","VOO",2023-02-01,365.463653564453,4941700
"43","VOO",2023-02-02,370.700744628906,5207900
"44","VOO",2023-02-03,366.741516113281,6472500
"45","VOO",2023-02-06,364.621429443359,2880100
"46","VOO",2023-02-07,369.326171875,4504600
"47","VOO",2023-02-08,365.279754638672,2921500
"48","VOO",2023-02-09,362.152984619141,3327700
"49","VOO",2023-02-10,363.033935546875,3256700
"50","VOO",2023-02-13,367.225555419922,2980600
"51","VOO",2023-02-14,367.089996337891,4718000
"52","VOO",2023-02-15,368.319427490234,2820200
"53","VOO",2023-02-16,363.198486328125,3077500
"54","VOO",2023-02-17,362.259460449219,3285300
"55","VOO",2023-02-21,355.066986083984,3109200
"56","VOO",2023-02-22,354.621643066406,3872000
"57","VOO",2023-02-23,356.402893066406,2867200
"58","VOO",2023-02-24,352.588806152344,4055000
"59","VOO",2023-02-27,353.808532714844,3300100
"60","VOO",2023-02-28,352.472595214844,3022200
"61","VOO",2023-03-01,351.185150146484,3764700
"62","VOO",2023-03-02,353.808532714844,2727200
"63","VOO",2023-03-03,359.413452148438,4913600
"64","VOO",2023-03-06,359.849060058594,2638300
"65","VOO",2023-03-07,354.282897949219,3546100
"66","VOO",2023-03-08,354.834625244141,2906300
"67","VOO",2023-03-09,348.339050292969,4409600
"68","VOO",2023-03-10,343.343994140625,8360400
"69","VOO",2023-03-13,342.76318359375,6478700
"70","VOO",2023-03-14,348.455230712891,4798800
"71","VOO",2023-03-15,346.306182861328,6610400
"72","VOO",2023-03-16,352.230560302734,5016700
"73","VOO",2023-03-17,348.377807617188,5189900
"74","VOO",2023-03-20,351.52392578125,3099800
"75","VOO",2023-03-21,356.122100830078,4117600
"76","VOO",2023-03-22,350.217071533203,4094800
"77","VOO",2023-03-23,351.049560546875,4787200
"78","VOO",2023-03-24,353.389282226562,3740400
"79","VOO",2023-03-27,353.972473144531,4144800
"80","VOO",2023-03-28,353.350402832031,2413700
"81","VOO",2023-03-29,358.375762939453,3636100
"82","VOO",2023-03-30,360.51416015625,3316700
"83","VOO",2023-03-31,365.54931640625,4159800
"84","VOO",2023-04-03,366.997589111328,3525300
"85","VOO",2023-04-04,364.927154541016,2713300
"86","VOO",2023-04-05,364.042694091797,3227700
"87","VOO",2023-04-06,365.432678222656,3076200
"88","VOO",2023-04-10,365.831146240234,2671100
"89","VOO",2023-04-11,365.879791259766,3069000
"90","VOO",2023-04-12,364.421783447266,3624200
"91","VOO",2023-04-13,369.145782470703,2680900
"92","VOO",2023-04-14,368.387573242188,2981700
"93","VOO",2023-04-17,369.641510009766,2721000
"94","VOO",2023-04-18,369.894256591797,3019300
"95","VOO",2023-04-19,369.874816894531,2671300
"96","VOO",2023-04-20,367.784942626953,2953200
"97","VOO",2023-04-21,367.998809814453,2762300
"98","VOO",2023-04-24,368.484802246094,2310400
"99","VOO",2023-04-25,362.662414550781,3795400
"100","VOO",2023-04-26,361.048797607422,3766900
"101","VOO",2023-04-27,368.212677001953,4302400
"102","VOO",2023-04-28,371.361938476562,3386900
"103","VOO",2023-05-01,371.109313964844,3069300
"104","VOO",2023-05-02,366.949005126953,4311600
"105","VOO",2023-05-03,364.392639160156,5513000
"106","VOO",2023-05-04,361.729248046875,4421500
"107","VOO",2023-05-05,368.368194580078,3134100
"108","VOO",2023-05-08,368.572235107422,2957600
"109","VOO",2023-05-09,366.978210449219,2271000
"110","VOO",2023-05-10,368.581970214844,3512900
"111","VOO",2023-05-11,368.066864013672,2676600
"112","VOO",2023-05-12,367.571075439453,2530300
"113","VOO",2023-05-15,368.844421386719,3882600
"114","VOO",2023-05-16,366.404693603516,2275300
"115","VOO",2023-05-17,370.77880859375,3222600
"116","VOO",2023-05-18,374.404418945312,3340600
"117","VOO",2023-05-19,373.811553955078,3646600
"118","VOO",2023-05-22,374.015625,2784000
"119","VOO",2023-05-23,369.835968017578,2887300
"120","VOO",2023-05-24,367.065643310547,3611600
"121","VOO",2023-05-25,370.263610839844,3315900
"122","VOO",2023-05-26,375.075103759766,3042800
"123","VOO",2023-05-30,375.191802978516,3968500
"124","VOO",2023-05-31,373.150543212891,4205300
"125","VOO",2023-06-01,376.727600097656,3563600
"126","VOO",2023-06-02,382.258392333984,7365800
"127","VOO",2023-06-05,381.519653320312,3481200
"128","VOO",2023-06-06,382.306976318359,2894700
"129","VOO",2023-06-07,381.053070068359,3942900
"130","VOO",2023-06-08,383.337341308594,3455400
"131","VOO",2023-06-09,383.978912353516,3060100
"132","VOO",2023-06-12,387.507354736328,3792700
"133","VOO",2023-06-13,390.063751220703,3913100
"134","VOO",2023-06-14,390.365112304688,5161300
"135","VOO",2023-06-15,395.371032714844,5285000
"136","VOO",2023-06-16,393.912963867188,5132700
"137","VOO",2023-06-20,392.095275878906,4242900
"138","VOO",2023-06-21,389.947082519531,3423500
"139","VOO",2023-06-22,391.366271972656,3141000
"140","VOO",2023-06-23,388.430725097656,4205300
"141","VOO",2023-06-26,386.826904296875,3250700
"142","VOO",2023-06-27,391.113555908203,4302400
"143","VOO",2023-06-28,391.288513183594,4320700
"144","VOO",2023-06-29,392.787445068359,3914800
"145","VOO",2023-06-30,397.442199707031,5160100
"146","VOO",2023-07-03,398.203369140625,2372000
"147","VOO",2023-07-05,397.315277099609,4230100
"148","VOO",2023-07-06,394.075561523438,6040300
"149","VOO",2023-07-07,393.158264160156,3672200
"150","VOO",2023-07-10,394.212158203125,3362300
"151","VOO",2023-07-11,396.739593505859,3181900
"152","VOO",2023-07-12,399.862335205078,4246400
"153","VOO",2023-07-13,403.121612548828,3273400
"154","VOO",2023-07-14,402.799530029297,3678400
"155","VOO",2023-07-17,404.204772949219,2963700
"156","VOO",2023-07-18,407.269012451172,3597300
"157","VOO",2023-07-19,408.147247314453,3494900
"158","VOO",2023-07-20,405.483184814453,4085000
"159","VOO",2023-07-21,405.531982421875,3175700
"160","VOO",2023-07-24,407.249420166016,3471100
"161","VOO",2023-07-25,408.449737548828,3949300
"162","VOO",2023-07-26,408.547302246094,6138800
"163","VOO",2023-07-27,405.775970458984,4149400
"164","VOO",2023-07-28,409.728057861328,2701200
"165","VOO",2023-07-31,410.518524169922,3452100
"166","VOO",2023-08-01,409.249938964844,3118000
"167","VOO",2023-08-02,403.580322265625,4973700
"168","VOO",2023-08-03,402.438537597656,3022300
"169","VOO",2023-08-04,400.467376708984,5714600
"170","VOO",2023-08-07,404.077972412109,2598000
"171","VOO",2023-08-08,402.331176757812,3780100
"172","VOO",2023-08-09,399.657379150391,3145900
"173","VOO",2023-08-10,399.891571044922,4588300
"174","VOO",2023-08-11,399.520782470703,2917900
"175","VOO",2023-08-14,401.774932861328,2772900
"176","VOO",2023-08-15,397.1689453125,4686100
"177","VOO",2023-08-16,394.231689453125,3353700
"178","VOO",2023-08-17,391.040588378906,7102500
"179","VOO",2023-08-18,391.401702880859,4156500
"180","VOO",2023-08-21,393.987701416016,3292400
"181","VOO",2023-08-22,392.884979248047,2648100
"182","VOO",2023-08-23,397.120178222656,3250000
"183","VOO",2023-08-24,391.840850830078,3458800
"184","VOO",2023-08-25,394.436614990234,4417800
"185","VOO",2023-08-28,397.032318115234,3236700
"186","VOO",2023-08-29,402.672760009766,3482700
"187","VOO",2023-08-30,404.351165771484,3004500
"188","VOO",2023-08-31,403.833923339844,4751100
"189","VOO",2023-09-01,404.692687988281,3587100
"190","VOO",2023-09-05,402.926422119141,4426700
"191","VOO",2023-09-06,400.145263671875,3744100
"192","VOO",2023-09-07,398.954742431641,2245800
"193","VOO",2023-09-08,399.501251220703,4124400
"194","VOO",2023-09-11,402.126220703125,3346600
"195","VOO",2023-09-12,399.969604492188,7595300
"196","VOO",2023-09-13,400.438049316406,2529700
"197","VOO",2023-09-14,403.902282714844,3660900
"198","VOO",2023-09-15,398.866912841797,3999700
"199","VOO",2023-09-18,399.306030273438,3014600
"200","VOO",2023-09-19,398.505859375,3623300
"201","VOO",2023-09-20,394.778137207031,4009400
"202","VOO",2023-09-21,388.308288574219,4621000
"203","VOO",2023-09-22,387.371459960938,7204200
"204","VOO",2023-09-25,388.981597900391,3227900
"205","VOO",2023-09-26,383.27294921875,5734700
"206","VOO",2023-09-27,383.360717773438,4837700
"207","VOO",2023-09-28,385.597137451172,4065800
"208","VOO",2023-09-29,384.676330566406,5762900
"209","VOO",2023-10-02,384.64697265625,5886200
"210","VOO",2023-10-03,379.474792480469,6886700
"211","VOO",2023-10-04,382.266571044922,4333700
"212","VOO",2023-10-05,381.943328857422,3329100
"213","VOO",2023-10-06,386.498321533203,4896100
"214","VOO",2023-10-09,389.074584960938,2959500
"215","VOO",2023-10-10,391.082702636719,3289600
"216","VOO",2023-10-11,392.738159179688,4181800
"217","VOO",2023-10-12,390.377380371094,3872900
"218","VOO",2023-10-13,388.320343017578,3769800
"219","VOO",2023-10-16,392.385559082031,5150900
"220","VOO",2023-10-17,392.395324707031,4214600
"221","VOO",2023-10-18,387.144836425781,7329300
"222","VOO",2023-10-19,383.86328125,6708900
"223","VOO",2023-10-20,379.0830078125,7546900
"224","VOO",2023-10-23,378.416931152344,5537100
"225","VOO",2023-10-24,381.247863769531,4451500
"226","VOO",2023-10-25,375.870025634766,5471200
"227","VOO",2023-10-26,371.256225585938,6959400
"228","VOO",2023-10-27,369.610626220703,5638800
"229","VOO",2023-10-30,374.057769775391,5795800
"230","VOO",2023-10-31,376.320617675781,4523200
"231","VOO",2023-11-01,380.464172363281,5549200
"232","VOO",2023-11-02,387.693450927734,4752200
"233","VOO",2023-11-03,391.278564453125,5980300
"234","VOO",2023-11-06,392.032867431641,4007100
"235","VOO",2023-11-07,393.139801025391,3358600
"236","VOO",2023-11-08,393.463073730469,3731900
"237","VOO",2023-11-09,390.494964599609,4145600
"238","VOO",2023-11-10,396.587890625,3992800
"239","VOO",2023-11-13,396.186248779297,2872900
"240","VOO",2023-11-14,403.797454833984,6973100
"241","VOO",2023-11-15,404.679077148438,4414800
"242","VOO",2023-11-16,405.247253417969,3798900
"243","VOO",2023-11-17,405.844757080078,4696200
"244","VOO",2023-11-20,408.901031494141,3517600
"245","VOO",2023-11-21,407.833282470703,5248200
"246","VOO",2023-11-22,409.596557617188,3692800
"247","VOO",2023-11-24,409.82177734375,1351300
"248","VOO",2023-11-27,409.106750488281,3632600
"249","VOO",2023-11-28,409.508331298828,3382400
"250","VOO",2023-11-29,409.243865966797,4092600
"251","VOO",2023-11-30,410.830780029297,4405700
"252","VOO",2023-12-01,413.240509033203,4971600
"253","VOO",2023-12-04,411.163818359375,5806100
"254","VOO",2023-12-05,411.036468505859,3419300
"255","VOO",2023-12-06,409.322235107422,4201800
"256","VOO",2023-12-07,412.525451660156,3248300
"257","VOO",2023-12-08,414.278869628906,5121800
"258","VOO",2023-12-11,415.885345458984,5247100
"259","VOO",2023-12-12,417.952301025391,5982600
"260","VOO",2023-12-13,423.6435546875,8659100
"261","VOO",2023-12-14,424.887573242188,8349100
"262","VOO",2023-12-15,424.241088867188,5281900
"263","VOO",2023-12-18,426.641021728516,4280500
"264","VOO",2023-12-19,429.23681640625,4061500
"265","VOO",2023-12-20,423.041076660156,5783200
"266","VOO",2023-12-21,427.162445068359,4621600
"267","VOO",2023-12-22,428.155883789062,4035200
"268","VOO",2023-12-26,429.936248779297,3835800
"269","VOO",2023-12-27,430.723114013672,4271000
"270","VOO",2023-12-28,430.791961669922,4703700
"271","VOO",2023-12-29,429.641143798828,4374400
"272","VOO",2024-01-02,426.896881103516,9076000
"273","VOO",2024-01-03,423.729675292969,4805000
"274","VOO",2024-01-04,422.391937255859,3945300
"275","VOO",2024-01-05,422.932952880859,5723100
"276","VOO",2024-01-08,428.982086181641,7222400
"277","VOO",2024-01-09,427.939483642578,7939600
"278","VOO",2024-01-10,430.762481689453,4278800
"279","VOO",2024-01-11,430.614929199219,4796600
"280","VOO",2024-01-12,430.811614990234,5180800
"281","VOO",2024-01-16,429.346069335938,5730800
"282","VOO",2024-01-17,426.955902099609,6044600
"283","VOO",2024-01-18,430.752624511719,4331300
"284","VOO",2024-01-19,436.024780273438,4832700
"285","VOO",2024-01-22,437.018188476562,5870400
"286","VOO",2024-01-23,438.316589355469,3251600
"287","VOO",2024-01-24,438.680511474609,4568200
"288","VOO",2024-01-25,441.149353027344,4167100
"289","VOO",2024-01-26,440.883819580078,6404000
"290","VOO",2024-01-29,444.090362548828,4543300
"291","VOO",2024-01-30,443.775665283203,3410000
"292","VOO",2024-01-31,436.546081542969,7108000
"293","VOO",2024-02-01,442.290405273438,6138400
"294","VOO",2024-02-02,446.834655761719,6251600
"295","VOO",2024-02-05,445.201873779297,7101900
"296","VOO",2024-02-06,446.588775634766,4383600
"297","VOO",2024-02-07,450.257629394531,6763400
"298","VOO",2024-02-08,450.562530517578,4184600
"299","VOO",2024-02-09,453.119934082031,4002600
"300","VOO",2024-02-12,452.913330078125,4564200
"301","VOO",2024-02-13,446.529754638672,8152200
"302","VOO",2024-02-14,450.778961181641,5624000
"303","VOO",2024-02-15,453.828155517578,5695700
"304","VOO",2024-02-16,451.506805419922,5526200
"305","VOO",2024-02-20,449.028106689453,5306800
"306","VOO",2024-02-21,449.480529785156,4223100
"307","VOO",2024-02-22,458.923248291016,4328500
"308","VOO",2024-02-23,459.129730224609,4050600
"309","VOO",2024-02-26,457.447814941406,3450800
"310","VOO",2024-02-27,458.293701171875,3586900
"311","VOO",2024-02-28,457.585510253906,2800600
"312","VOO",2024-02-29,459.277313232422,7332900
"313","VOO",2024-03-01,463.703552246094,4833700
"314","VOO",2024-03-04,463.152740478516,3970200
"315","VOO",2024-03-05,458.510101318359,4616500
"316","VOO",2024-03-06,460.939636230469,5325100
"317","VOO",2024-03-07,465.503570556641,7149800
"318","VOO",2024-03-08,462.680603027344,6281900
"319","VOO",2024-03-11,462.297027587891,5323900
"320","VOO",2024-03-12,467.244537353516,4811000
"321","VOO",2024-03-13,466.536376953125,3544500
"322","VOO",2024-03-14,465.513397216797,5153000
"323","VOO",2024-03-15,462.306884765625,6802400
"324","VOO",2024-03-18,465.198669433594,3939100
"325","VOO",2024-03-19,467.805236816406,4550200
"326","VOO",2024-03-20,471.88720703125,6179400
"327","VOO",2024-03-21,473.460998535156,5044700
"328","VOO",2024-03-22,472.84228515625,5876800
"329","VOO",2024-03-25,471.618682861328,6081300
"330","VOO",2024-03-26,470.29638671875,8073500
"331","VOO",2024-03-27,474.401397705078,4951400
"332","VOO",2024-03-28,474.342193603516,4065000
"333","VOO",2024-04-01,473.720489501953,5734000
"334","VOO",2024-04-02,470.622009277344,4817800
"335","VOO",2024-04-03,471.046325683594,6224800
"336","VOO",2024-04-04,465.244140625,6871200
"337","VOO",2024-04-05,470.187835693359,5582200
"338","VOO",2024-04-08,470.375305175781,4736800
"339","VOO",2024-04-09,470.957489013672,5254200
"340","VOO",2024-04-10,466.398620605469,6933400
"341","VOO",2024-04-11,469.763549804688,5109900
"342","VOO",2024-04-12,463.359375,6954300
"343","VOO",2024-04-15,457.478179931641,9530000
"344","VOO",2024-04-16,456.659149169922,6761400
"345","VOO",2024-04-17,453.906066894531,7156200
"346","VOO",2024-04-18,452.869964599609,5637300
"347","VOO",2024-04-19,449.080780029297,9766100
"348","VOO",2024-04-22,452.978485107422,5818100
"349","VOO",2024-04-23,458.691925048828,4257400
"350","VOO",2024-04-24,458.3564453125,7687800
"351","VOO",2024-04-25,456.461791992188,4876200
"352","VOO",2024-04-26,461.030609130859,4907100
"353","VOO",2024-04-29,462.639007568359,3253200
"354","VOO",2024-04-30,455.327026367188,4364800
"355","VOO",2024-05-01,453.846862792969,6115400
"356","VOO",2024-05-02,458.080108642578,3972400
"357","VOO",2024-05-03,463.763946533203,4586900
"358","VOO",2024-05-06,468.441253662109,4782500
"359","VOO",2024-05-07,469.112274169922,3451300
"360","VOO",2024-05-08,469.131988525391,3214900
"361","VOO",2024-05-09,471.825866699219,3486000
"362","VOO",2024-05-10,472.408050537109,3347200
"363","VOO",2024-05-13,472.437652587891,3108400
"364","VOO",2024-05-14,474.677673339844,3257700
"365","VOO",2024-05-15,480.460174560547,4399500
"366","VOO",2024-05-16,479.542449951172,3347400
"367","VOO",2024-05-17,480.252899169922,3274000
"368","VOO",2024-05-20,480.726593017578,2599600
"369","VOO",2024-05-21,482.019287109375,2453600
"370","VOO",2024-05-22,480.618072509766,3250600
"371","VOO",2024-05-23,477.045928955078,3811300
"372","VOO",2024-05-24,480.292419433594,2551400
"373","VOO",2024-05-28,480.67724609375,4034700
"374","VOO",2024-05-29,477.292602539062,5605000
"375","VOO",2024-05-30,474.085601806641,3393600
"376","VOO",2024-05-31,478.210327148438,5334000
"377","VOO",2024-06-03,478.733306884766,4211300
"378","VOO",2024-06-04,479.315490722656,2560300
"379","VOO",2024-06-05,485.048614501953,3026100
"380","VOO",2024-06-06,484.940124511719,21344000
"381","VOO",2024-06-07,484.308563232422,3063600
"382","VOO",2024-06-10,485.897277832031,3465200
"383","VOO",2024-06-11,487.00244140625,4028400
"384","VOO",2024-06-12,491.05810546875,3698800
"385","VOO",2024-06-13,491.985656738281,8808900
"386","VOO",2024-06-14,492.380401611328,5812000
"387","VOO",2024-06-17,496.288024902344,4609500
"388","VOO",2024-06-18,497.610290527344,3431700
"389","VOO",2024-06-20,496.228820800781,4810900
"390","VOO",2024-06-21,495.143371582031,4347800
"391","VOO",2024-06-24,493.811218261719,7022800
"392","VOO",2024-06-25,495.863708496094,6336700
"393","VOO",2024-06-26,496.416290283203,3202700
"394","VOO",2024-06-27,497.186004638672,3619700
"395","VOO",2024-06-28,495.268798828125,5598600
"396","VOO",2024-07-01,496.407623291016,4368500
"397","VOO",2024-07-02,499.626037597656,4210100
"398","VOO",2024-07-03,501.883880615234,2131100
"399","VOO",2024-07-05,504.884429931641,3156900
"400","VOO",2024-07-08,505.36962890625,3143400
"401","VOO",2024-07-09,505.924255371094,3140600
"402","VOO",2024-07-10,510.79638671875,3446900
"403","VOO",2024-07-11,506.419372558594,5537800
"404","VOO",2024-07-12,509.548614501953,5238200
"405","VOO",2024-07-15,511.093475341797,7771500
"406","VOO",2024-07-16,513.994995117188,4164300
"407","VOO",2024-07-17,506.815460205078,4984300
"408","VOO",2024-07-18,503.002899169922,5055900
"409","VOO",2024-07-19,499.645812988281,4039400
"410","VOO",2024-07-22,504.834899902344,4342900
"411","VOO",2024-07-23,503.993133544922,3116000
"412","VOO",2024-07-24,492.456390380859,6157400
"413","VOO",2024-07-25,489.970825195312,5646600
"414","VOO",2024-07-26,495.466857910156,3636000
"415","VOO",2024-07-29,495.833251953125,3096200
"416","VOO",2024-07-30,493.238708496094,3817800
"417","VOO",2024-07-31,501.012420654297,5367600
"418","VOO",2024-08-01,494.179504394531,6939200
"419","VOO",2024-08-02,485.148132324219,8561200
"420","VOO",2024-08-05,470.581115722656,15244300
"421","VOO",2024-08-06,475.275085449219,8255000
"422","VOO",2024-08-07,471.977386474609,5976400
"423","VOO",2024-08-08,482.989349365234,4177200
"424","VOO",2024-08-09,485.059020996094,7661300
"425","VOO",2024-08-12,485.306579589844,3578100
"426","VOO",2024-08-13,493.367462158203,3247900
"427","VOO",2024-08-14,494.941986083984,3700500
"428","VOO",2024-08-15,503.438629150391,4279000
"429","VOO",2024-08-16,504.498229980469,3449300
"430","VOO",2024-08-19,509.350555419922,3804300
"431","VOO",2024-08-20,508.508850097656,3156000
"432","VOO",2024-08-21,510.291351318359,3344100
"433","VOO",2024-08-22,506.161865234375,3677100
"434","VOO",2024-08-23,511.638122558594,5102800
"435","VOO",2024-08-26,510.380554199219,3398600
"436","VOO",2024-08-27,511.063842773438,3031800
"437","VOO",2024-08-28,508.142425537109,3940400
"438","VOO",2024-08-29,508.2216796875,3487100
"439","VOO",2024-08-30,513.004699707031,5637700
"440","VOO",2024-09-03,502.626586914062,5866400
"441","VOO",2024-09-04,501.378814697266,3601400
"442","VOO",2024-09-05,500.140960693359,3425600
"443","VOO",2024-09-06,491.812744140625,7411400
"444","VOO",2024-09-09,497.348388671875,3656800
"445","VOO",2024-09-10,499.398254394531,2975400
"446","VOO",2024-09-11,504.508117675781,5956900
"447","VOO",2024-09-12,508.845550537109,4099500
"448","VOO",2024-09-13,511.549041748047,4416600
"449","VOO",2024-09-16,512.321411132812,4256300
"450","VOO",2024-09-17,512.559143066406,8150000
"451","VOO",2024-09-18,510.895385742188,6921300
"452","VOO",2024-09-19,519.807922363281,5558400
"453","VOO",2024-09-20,518.787963867188,5612700
"454","VOO",2024-09-23,520.0654296875,29289200
"455","VOO",2024-09-24,521.560729980469,4650600
"456","VOO",2024-09-25,520.501098632812,35418000
"457","VOO",2024-09-26,522.57080078125,5273900
"458","VOO",2024-09-27,521.894348144531,5598600
"459","VOO",2024-09-30,524.169128417969,8013000
"460","VOO",2024-10-01,519.271850585938,9198700
"461","VOO",2024-10-02,519.361267089844,3270600
"462","VOO",2024-10-03,518.377807617188,4008000
"463","VOO",2024-10-04,523.155944824219,5354400
"464","VOO",2024-10-07,518.447387695312,3970500
"465","VOO",2024-10-08,523.354553222656,2626700
"466","VOO",2024-10-09,526.930725097656,2941800
"467","VOO",2024-10-10,526.046569824219,3637600
"468","VOO",2024-10-11,529.175720214844,5429200
"469","VOO",2024-10-14,533.506774902344,2638900
"470","VOO",2024-10-15,529.443908691406,4811300
"471","VOO",2024-10-16,531.669006347656,3237200
"472","VOO",2024-10-17,531.74853515625,3225300
"473","VOO",2024-10-18,533.794860839844,5070400
"474","VOO",2024-10-21,532.970397949219,3671400
"475","VOO",2024-10-22,532.602783203125,3366600
"476","VOO",2024-10-23,527.745300292969,5227800
"477","VOO",2024-10-24,528.937316894531,4477800
"478","VOO",2024-10-25,528.728759765625,4327200
"479","VOO",2024-10-28,530.377685546875,3408000
"480","VOO",2024-10-29,531.222106933594,3027600
"481","VOO",2024-10-30,529.622741699219,3067000
"482","VOO",2024-10-31,519.202331542969,7972800
"483","VOO",2024-11-01,521.457275390625,6106900
"484","VOO",2024-11-04,520.324829101562,3681500
"485","VOO",2024-11-05,526.5830078125,3300300
"486","VOO",2024-11-06,539.695434570312,7483300
"487","VOO",2024-11-07,543.897399902344,6051300
"488","VOO",2024-11-08,546.301330566406,6798000
"489","VOO",2024-11-11,546.748413085938,4893100
"490","VOO",2024-11-12,545.109313964844,4818600
"491","VOO",2024-11-13,545.387451171875,3701600
"492","VOO",2024-11-14,541.920593261719,3940300
"493","VOO",2024-11-15,534.92724609375,7360100
"494","VOO",2024-11-18,537.142456054688,4504200
"495","VOO",2024-11-19,539.099487304688,6978400
"496","VOO",2024-11-20,539.298095703125,3949100
"497","VOO",2024-11-21,542.019958496094,4530600
"498","VOO",2024-11-22,543.837768554688,5574600
"499","VOO",2024-11-25,545.586120605469,4305000
"500","VOO",2024-11-26,548.645690917969,4438600
"501","VOO",2024-11-27,546.897338867188,3312200
"502","VOO",2024-11-29,549.778137207031,3988700
"503","VOO",2024-12-02,551.327758789062,5441000
"504","VOO",2024-12-03,551.456909179688,4202900
"505","VOO",2024-12-04,554.933654785156,5490300
"506","VOO",2024-12-05,554.009887695312,3021600
"507","VOO",2024-12-06,555.112487792969,5134900
"508","VOO",2024-12-09,552.221801757812,4412300
"509","VOO",2024-12-10,550.652282714844,4110100
"510","VOO",2024-12-11,554.824462890625,3514400
"511","VOO",2024-12-12,551.963562011719,4048600
"512","VOO",2024-12-13,551.923767089844,4666900
"513","VOO",2024-12-16,554.089294433594,22846800
"514","VOO",2024-12-17,551.764831542969,6110900
"515","VOO",2024-12-18,535.563049316406,24584900
"516","VOO",2024-12-19,535.364440917969,16792100
"517","VOO",2024-12-20,541.423889160156,9389400
"518","VOO",2024-12-23,545.299499511719,7063400
"519","VOO",2024-12-24,550.910034179688,3439300
"520","VOO",2024-12-26,550.900024414062,4492000
"521","VOO",2024-12-27,545.189880371094,7077100
"522","VOO",2024-12-30,539.120849609375,6505100
"523","BND",2022-12-01,67.5973587036133,7462500
"524","BND",2022-12-02,67.8744201660156,6828300
"525","BND",2022-12-05,67.3388214111328,7552900
"526","BND",2022-12-06,67.5604629516602,7584100
"527","BND",2022-12-07,68.1514587402344,7472500
"528","BND",2022-12-08,67.9575271606445,5378100
"529","BND",2022-12-09,67.5604629516602,12079600
"530","BND",2022-12-12,67.5604629516602,7533500
"531","BND",2022-12-13,68.0221710205078,12563900
"532","BND",2022-12-14,68.1883773803711,9833900
"533","BND",2022-12-15,68.2253265380859,7800400
"534","BND",2022-12-16,68.0498962402344,6541900
"535","BND",2022-12-19,67.6435470581055,6300000
"536","BND",2022-12-20,67.2003021240234,6130500
"537","BND",2022-12-21,67.357292175293,8169000
"538","BND",2022-12-22,67.3480606079102,6833800
"539","BND",2022-12-23,67.1370010375977,4693400
"540","BND",2022-12-27,66.6186599731445,6959600
"541","BND",2022-12-28,66.5260848999023,7868200
"542","BND",2022-12-29,66.7759857177734,7391000
"543","BND",2022-12-30,66.4983139038086,7051900
"544","BND",2023-01-03,66.8500595092773,8634800
"545","BND",2023-01-04,67.2295608520508,5257100
"546","BND",2023-01-05,67.1555099487305,5632400
"547","BND",2023-01-06,67.8960189819336,5627200
"548","BND",2023-01-09,68.0811614990234,7398200
"549","BND",2023-01-10,67.8127365112305,4827900
"550","BND",2023-01-11,68.173713684082,8453200
"551","BND",2023-01-12,68.7013473510742,5927600
"552","BND",2023-01-13,68.4699325561523,6331600
"553","BND",2023-01-17,68.3773651123047,6815100
"554","BND",2023-01-18,69.0068130493164,5112800
"555","BND",2023-01-19,68.8679656982422,4765200
"556","BND",2023-01-20,68.5625,4714300
"557","BND",2023-01-23,68.395866394043,6116700
"558","BND",2023-01-24,68.7013473510742,3907700
"559","BND",2023-01-25,68.7846450805664,4414400
"560","BND",2023-01-26,68.6550521850586,3866800
"561","BND",2023-01-27,68.5810089111328,4474100
"562","BND",2023-01-30,68.3866195678711,6258700
"563","BND",2023-01-31,68.7013473510742,5502300
"564","BND",2023-02-01,69.1429824829102,7473900
"565","BND",2023-02-02,69.1893844604492,4273500
"566","BND",2023-02-03,68.5769882202148,5332900
"567","BND",2023-02-06,68.1502075195312,5282300
"568","BND",2023-02-07,68.0574111938477,4674500
"569","BND",2023-02-08,68.1780395507812,4308200
"570","BND",2023-02-09,67.8996734619141,4268100
"571","BND",2023-02-10,67.612060546875,3606100
"572","BND",2023-02-13,67.7975845336914,3805800
"573","BND",2023-02-14,67.5656356811523,4328000
"574","BND",2023-02-15,67.4171981811523,4370800
"575","BND",2023-02-16,67.1574020385742,5912000
"576","BND",2023-02-17,67.3058853149414,5165700
"577","BND",2023-02-21,66.7213363647461,16093200
"578","BND",2023-02-22,66.8697738647461,4375600
"579","BND",2023-02-23,67.1110076904297,4789200
"580","BND",2023-02-24,66.7398834228516,4345900
"581","BND",2023-02-27,66.851203918457,3340500
"582","BND",2023-02-28,66.8697738647461,5032400
"583","BND",2023-03-01,66.4736175537109,4427800
"584","BND",2023-03-02,66.3341217041016,4966600
"585","BND",2023-03-03,66.8455963134766,4008600
"586","BND",2023-03-06,66.6875,4538700
"587","BND",2023-03-07,66.6131134033203,4253100
"588","BND",2023-03-08,66.5572891235352,4774500
"589","BND",2023-03-09,66.7804794311523,4597800
"590","BND",2023-03-10,67.5802383422852,4779500
"591","BND",2023-03-13,68.1196365356445,7270500
"592","BND",2023-03-14,67.6918411254883,5432500
"593","BND",2023-03-15,68.3893356323242,6677200
"594","BND",2023-03-16,68.0638580322266,6964800
"595","BND",2023-03-17,68.5567398071289,4352700
"596","BND",2023-03-20,68.2591323852539,6924500
"597","BND",2023-03-21,68.0731506347656,3997700
"598","BND",2023-03-22,68.6776123046875,5220500
"599","BND",2023-03-23,68.8357009887695,5392100
"600","BND",2023-03-24,68.975212097168,4638000
"601","BND",2023-03-27,68.2591323852539,5769800
"602","BND",2023-03-28,68.1382446289062,3473300
"603","BND",2023-03-29,68.2126159667969,4231300
"604","BND",2023-03-30,68.3056411743164,3455300
"605","BND",2023-03-31,68.6590194702148,4549200
"606","BND",2023-04-03,68.9508361816406,5346200
"607","BND",2023-04-04,69.2305068969727,4126700
"608","BND",2023-04-05,69.4169540405273,4345900
"609","BND",2023-04-06,69.3983306884766,4381700
"610","BND",2023-04-10,68.9321823120117,4224300
"611","BND",2023-04-11,68.9601440429688,4401600
"612","BND",2023-04-12,69.0347290039062,4134800
"613","BND",2023-04-13,68.997444152832,5012700
"614","BND",2023-04-14,68.6897811889648,4349600
"615","BND",2023-04-17,68.3168640136719,5085500
"616","BND",2023-04-18,68.4194259643555,3728400
"617","BND",2023-04-19,68.3261871337891,4611000
"618","BND",2023-04-20,68.6245193481445,3605400
"619","BND",2023-04-21,68.5033340454102,3371600
"620","BND",2023-04-24,68.773681640625,2993000
"621","BND",2023-04-25,69.2211990356445,3508100
"622","BND",2023-04-26,68.9787826538086,5819900
"623","BND",2023-04-27,68.6804580688477,3078100
"624","BND",2023-04-28,69.0626907348633,4469100
"625","BND",2023-05-01,68.3524475097656,4546500
"626","BND",2023-05-02,69.0253219604492,4825100
"627","BND",2023-05-03,69.3150100708008,4205600
"628","BND",2023-05-04,69.2215805053711,11535800
"629","BND",2023-05-05,68.96923828125,3143200
"630","BND",2023-05-08,68.6421585083008,9895900
"631","BND",2023-05-09,68.5673675537109,3827700
"632","BND",2023-05-10,68.9879150390625,5291800
"633","BND",2023-05-11,69.2122344970703,4745900
"634","BND",2023-05-12,68.8477325439453,2970500
"635","BND",2023-05-15,68.6701812744141,3268600
"636","BND",2023-05-16,68.501953125,3818500
"637","BND",2023-05-17,68.3804779052734,4574400
"638","BND",2023-05-18,68.1001129150391,3530000
"639","BND",2023-05-19,67.9131927490234,4166800
"640","BND",2023-05-22,67.8945159912109,5294900
"641","BND",2023-05-23,67.9412384033203,4561100
"642","BND",2023-05-24,67.7543411254883,4245100
"643","BND",2023-05-25,67.5019912719727,4012300
"644","BND",2023-05-26,67.5861206054688,3783100
"645","BND",2023-05-30,68.0346832275391,3533000
"646","BND",2023-05-31,68.2589874267578,4898400
"647","BND",2023-06-01,68.4435729980469,3984000
"648","BND",2023-06-02,68.0594253540039,4595500
"649","BND",2023-06-05,68.0687866210938,4674600
"650","BND",2023-06-06,68.1624908447266,5001900
"651","BND",2023-06-07,67.7783279418945,4326500
"652","BND",2023-06-08,68.1156463623047,3567600
"653","BND",2023-06-09,67.9750747680664,12690400
"654","BND",2023-06-12,68.1156463623047,4632800
"655","BND",2023-06-13,67.8158187866211,4302500
"656","BND",2023-06-14,67.8720321655273,5986200
"657","BND",2023-06-15,68.2936477661133,5061200
"658","BND",2023-06-16,68.1437454223633,3905300
"659","BND",2023-06-20,68.237434387207,4921700
"660","BND",2023-06-21,68.3498764038086,3678700
"661","BND",2023-06-22,68.0219268798828,3975500
"662","BND",2023-06-23,68.2186889648438,4160000
"663","BND",2023-06-26,68.3030548095703,6287800
"664","BND",2023-06-27,68.1718444824219,4816100
"665","BND",2023-06-28,68.3873443603516,5517200
"666","BND",2023-06-29,67.8720321655273,5803000
"667","BND",2023-06-30,68.1062622070312,5611600
"668","BND",2023-07-03,67.9127731323242,3146500
"669","BND",2023-07-05,67.630973815918,4415700
"670","BND",2023-07-06,67.1988830566406,5613400
"671","BND",2023-07-07,67.1613159179688,5726600
"672","BND",2023-07-10,67.3961410522461,4450800
"673","BND",2023-07-11,67.5370483398438,5709100
"674","BND",2023-07-12,68.0724411010742,6397500
"675","BND",2023-07-13,68.4857635498047,5868400
"676","BND",2023-07-14,68.1663665771484,7409300
"677","BND",2023-07-17,68.2415237426758,5942700
"678","BND",2023-07-18,68.3260498046875,7748400
"679","BND",2023-07-19,68.4857635498047,11522100
"680","BND",2023-07-20,68.1663665771484,5262100
"681","BND",2023-07-21,68.2133483886719,5170300
"682","BND",2023-07-24,68.1006240844727,3553400
"683","BND",2023-07-25,68.0254898071289,4200800
"684","BND",2023-07-26,68.2509231567383,4478200
"685","BND",2023-07-27,67.6685562133789,5342600
"686","BND",2023-07-28,67.9033889770508,5273200
"687","BND",2023-07-31,68.0254898071289,4607900
"688","BND",2023-08-01,67.6044692993164,11078000
"689","BND",2023-08-02,67.3878860473633,6546700
"690","BND",2023-08-03,66.9734649658203,5395200
"691","BND",2023-08-04,67.5291366577148,6925000
"692","BND",2023-08-07,67.4255294799805,4987400
"693","BND",2023-08-08,67.6703872680664,4338200
"694","BND",2023-08-09,67.6892395019531,4937800
"695","BND",2023-08-10,67.3125152587891,5195800
"696","BND",2023-08-11,67.0958862304688,4576600
"697","BND",2023-08-14,67.011116027832,7992400
"698","BND",2023-08-15,66.8604202270508,5028100
"699","BND",2023-08-16,66.6720886230469,5149700
"700","BND",2023-08-17,66.6061325073242,7357800
"701","BND",2023-08-18,66.7474136352539,5094100
"702","BND",2023-08-21,66.4271850585938,4280100
"703","BND",2023-08-22,66.5119781494141,4302200
"704","BND",2023-08-23,67.11474609375,5205800
"705","BND",2023-08-24,66.9546203613281,4186400
"706","BND",2023-08-25,66.9546203613281,4853100
"707","BND",2023-08-28,67.0770721435547,3969000
"708","BND",2023-08-29,67.4914703369141,6214600
"709","BND",2023-08-30,67.4631958007812,4721500
"710","BND",2023-08-31,67.5762176513672,4747100
"711","BND",2023-09-01,67.251350402832,3940700
"712","BND",2023-09-05,66.8830261230469,4634300
"713","BND",2023-09-06,66.8074722290039,7800400
"714","BND",2023-09-07,67.0341491699219,4742800
"715","BND",2023-09-08,67.0530014038086,4270600
"716","BND",2023-09-11,66.9491271972656,4215800
"717","BND",2023-09-12,66.9963455200195,4246300
"718","BND",2023-09-13,67.1002426147461,6142500
"719","BND",2023-09-14,66.9869155883789,5227300
"720","BND",2023-09-15,66.8547210693359,4946100
"721","BND",2023-09-18,66.9207992553711,5882500
"722","BND",2023-09-19,66.7791519165039,4200900
"723","BND",2023-09-20,66.6941528320312,5518400
"724","BND",2023-09-21,66.2786026000977,9127100
"725","BND",2023-09-22,66.5524826049805,8149800
"726","BND",2023-09-25,66.0613861083984,22744300
"727","BND",2023-09-26,65.9952774047852,7329100
"728","BND",2023-09-27,65.7592010498047,7701800
"729","BND",2023-09-28,65.9291687011719,9004600
"730","BND",2023-09-29,65.9008483886719,7650600
"731","BND",2023-10-02,65.4481811523438,6719800
"732","BND",2023-10-03,64.9178619384766,8099500
"733","BND",2023-10-04,65.3440170288086,7915900
"734","BND",2023-10-05,65.391357421875,6845000
"735","BND",2023-10-06,65.1356430053711,8385100
"736","BND",2023-10-09,65.798583984375,3561600
"737","BND",2023-10-10,65.7322769165039,11555900
"738","BND",2023-10-11,66.0353240966797,18074400
"739","BND",2023-10-12,65.4671173095703,6144000
"740","BND",2023-10-13,65.7701644897461,5570100
"741","BND",2023-10-16,65.4292297363281,4914800
"742","BND",2023-10-17,65.0030670166016,5851900
"743","BND",2023-10-18,64.7189712524414,5885900
"744","BND",2023-10-19,64.4348678588867,9433800
"745","BND",2023-10-20,64.6716232299805,5197700
"746","BND",2023-10-23,64.9178619384766,9587100
"747","BND",2023-10-24,65.1356430053711,9462100
"748","BND",2023-10-25,64.6432113647461,7392400
"749","BND",2023-10-26,65.0788345336914,11426600
"750","BND",2023-10-27,65.0788345336914,5325500
"751","BND",2023-10-30,64.9178619384766,5905300
"752","BND",2023-10-31,64.8989105224609,9248200
"753","BND",2023-11-01,65.5286483764648,9330800
"754","BND",2023-11-02,65.9085693359375,8409100
"755","BND",2023-11-03,66.2979965209961,7994800
"756","BND",2023-11-06,66.013053894043,7822000
"757","BND",2023-11-07,66.3454895019531,7986100
"758","BND",2023-11-08,66.5544738769531,6543700
"759","BND",2023-11-09,66.0605392456055,6979700
"760","BND",2023-11-10,66.1840209960938,4381800
"761","BND",2023-11-13,66.1650238037109,6058600
"762","BND",2023-11-14,66.9723968505859,8237100
"763","BND",2023-11-15,66.6019439697266,6793500
"764","BND",2023-11-16,67.0008773803711,5623900
"765","BND",2023-11-17,67.0958633422852,5657300
"766","BND",2023-11-20,67.1908264160156,6959100
"767","BND",2023-11-21,67.2858352661133,5737800
"768","BND",2023-11-22,67.3427963256836,4949100
"769","BND",2023-11-24,67.0198669433594,3534800
"770","BND",2023-11-27,67.4282913208008,5257000
"771","BND",2023-11-28,67.7132568359375,7051400
"772","BND",2023-11-29,68.0646896362305,7615800
"773","BND",2023-11-30,67.8462219238281,9880000
"774","BND",2023-12-01,68.3996353149414,7642900
"775","BND",2023-12-04,68.123405456543,11164600
"776","BND",2023-12-05,68.5615615844727,8393500
"777","BND",2023-12-06,68.7615966796875,9365200
"778","BND",2023-12-07,68.7425308227539,9876000
"779","BND",2023-12-08,68.4091644287109,7349500
"780","BND",2023-12-11,68.4186935424805,12895800
"781","BND",2023-12-12,68.6187210083008,8052300
"782","BND",2023-12-13,69.4950180053711,7172600
"783","BND",2023-12-14,70.0189056396484,9105500
"784","BND",2023-12-15,69.9141159057617,7994600
"785","BND",2023-12-18,69.771240234375,6144200
"786","BND",2023-12-19,69.9045944213867,6924100
"787","BND",2023-12-20,70.1331939697266,7496100
"788","BND",2023-12-21,70.123664855957,6912600
"789","BND",2023-12-22,70.0768661499023,5890700
"790","BND",2023-12-26,70.1437377929688,6394600
"791","BND",2023-12-27,70.5926971435547,7467700
"792","BND",2023-12-28,70.4207611083984,8166600
"793","BND",2023-12-29,70.2583541870117,6939500
"794","BND",2024-01-02,69.9622268676758,8334200
"795","BND",2024-01-03,70.0195770263672,6477200
"796","BND",2024-01-04,69.7043151855469,5056900
"797","BND",2024-01-05,69.4941635131836,6223400
"798","BND",2024-01-08,69.7998428344727,7937500
"799","BND",2024-01-09,69.7902908325195,5649400
"800","BND",2024-01-10,69.6661071777344,6578400
"801","BND",2024-01-11,70.0290985107422,7537300
"802","BND",2024-01-12,70.1723861694336,4461200
"803","BND",2024-01-16,69.6756591796875,5724700
"804","BND",2024-01-17,69.5132751464844,12370300
"805","BND",2024-01-18,69.4177398681641,6086200
"806","BND",2024-01-19,69.4177398681641,7883100
"807","BND",2024-01-22,69.5323715209961,10321400
"808","BND",2024-01-23,69.3699722290039,6840400
"809","BND",2024-01-24,69.226692199707,7483800
"810","BND",2024-01-25,69.5514755249023,8361100
"811","BND",2024-01-26,69.4464111328125,9120500
"812","BND",2024-01-29,69.7234420776367,7677600
"813","BND",2024-01-30,69.8476028442383,6688100
"814","BND",2024-01-31,70.1437377929688,9916600
"815","BND",2024-02-01,70.5671844482422,12060800
"816","BND",2024-02-02,69.9348831176758,7820000
"817","BND",2024-02-05,69.3792419433594,7577100
"818","BND",2024-02-06,69.704963684082,8310500
"819","BND",2024-02-07,69.5708312988281,9257500
"820","BND",2024-02-08,69.3888168334961,7987500
"821","BND",2024-02-09,69.3313369750977,5940700
"822","BND",2024-02-12,69.3505096435547,6063000
"823","BND",2024-02-13,68.7469635009766,12938800
"824","BND",2024-02-14,69.005615234375,6915700
"825","BND",2024-02-15,69.1972198486328,6733900
"826","BND",2024-02-16,68.9768829345703,5029200
"827","BND",2024-02-20,69.0630950927734,7605000
"828","BND",2024-02-21,68.8714828491211,6625600
"829","BND",2024-02-22,68.9002380371094,11884200
"830","BND",2024-02-23,69.1493148803711,6147200
"831","BND",2024-02-26,69.024787902832,5255800
"832","BND",2024-02-27,68.9194030761719,5534300
"833","BND",2024-02-28,69.0726699829102,5255300
"834","BND",2024-02-29,69.1876373291016,6002900
"835","BND",2024-03-01,69.477783203125,6364500
"836","BND",2024-03-04,69.314453125,26404700
"837","BND",2024-03-05,69.6891326904297,6208600
"838","BND",2024-03-06,69.8140106201172,28955300
"839","BND",2024-03-07,69.9292984008789,7495500
"840","BND",2024-03-08,69.9965515136719,7187100
"841","BND",2024-03-11,69.9677276611328,5626200
"842","BND",2024-03-12,69.7563705444336,4699400
"843","BND",2024-03-13,69.6410827636719,6123200
"844","BND",2024-03-14,69.2279891967773,5214000
"845","BND",2024-03-15,69.1895523071289,4783900
"846","BND",2024-03-18,69.1030883789062,5284200
"847","BND",2024-03-19,69.2856369018555,4560100
"848","BND",2024-03-20,69.410530090332,5287200
"849","BND",2024-03-21,69.4681625366211,5492900
"850","BND",2024-03-22,69.6987457275391,4169400
"851","BND",2024-03-25,69.5642471313477,7950500
"852","BND",2024-03-26,69.6218795776367,7603100
"853","BND",2024-03-27,69.8620452880859,7825200
"854","BND",2024-03-28,69.7755661010742,5326400
"855","BND",2024-04-01,69.2995834350586,6157500
"856","BND",2024-04-02,69.2225036621094,9043000
"857","BND",2024-04-03,69.2706680297852,5419200
"858","BND",2024-04-04,69.4152145385742,12412900
"859","BND",2024-04-05,69.0683288574219,11531700
"860","BND",2024-04-08,69.0105056762695,13873100
"861","BND",2024-04-09,69.2610473632812,8886200
"862","BND",2024-04-10,68.4516448974609,8196500
"863","BND",2024-04-11,68.4516448974609,16574100
"864","BND",2024-04-12,68.6058120727539,12479100
"865","BND",2024-04-15,68.1529541015625,8079200
"866","BND",2024-04-16,67.9794998168945,14378900
"867","BND",2024-04-17,68.3070983886719,6568500
"868","BND",2024-04-18,68.1240310668945,6349500
"869","BND",2024-04-19,68.2107696533203,8338300
"870","BND",2024-04-22,68.2396545410156,5938300
"871","BND",2024-04-23,68.3649291992188,6044400
"872","BND",2024-04-24,68.1914901733398,4616600
"873","BND",2024-04-25,67.9987640380859,5367500
"874","BND",2024-04-26,68.1529541015625,4256600
"875","BND",2024-04-29,68.3552932739258,4799500
"876","BND",2024-04-30,68.0951309204102,6605800
"877","BND",2024-05-01,68.3406143188477,8119200
"878","BND",2024-05-02,68.6112289428711,6014800
"879","BND",2024-05-03,68.9591598510742,7256900
"880","BND",2024-05-06,69.0268402099609,5584300
"881","BND",2024-05-07,69.1621322631836,4635400
"882","BND",2024-05-08,68.9978332519531,6774500
"883","BND",2024-05-09,69.1814727783203,4525200
"884","BND",2024-05-10,68.988166809082,5562000
"885","BND",2024-05-13,69.0461578369141,5600500
"886","BND",2024-05-14,69.2491073608398,4272500
"887","BND",2024-05-15,69.693717956543,4208200
"888","BND",2024-05-16,69.5777206420898,4359500
"889","BND",2024-05-17,69.4037628173828,4373500
"890","BND",2024-05-20,69.3361053466797,3699600
"891","BND",2024-05-21,69.481071472168,4612300
"892","BND",2024-05-22,69.3941116333008,4306200
"893","BND",2024-05-23,69.1911239624023,3589900
"894","BND",2024-05-24,69.268440246582,4025200
"895","BND",2024-05-28,68.9398498535156,4743400
"896","BND",2024-05-29,68.6885528564453,4877500
"897","BND",2024-05-30,68.988166809082,3723200
"898","BND",2024-05-31,69.2394485473633,4193000
"899","BND",2024-06-03,69.6262741088867,4798900
"900","BND",2024-06-04,69.8880157470703,5298400
"901","BND",2024-06-05,70.0819091796875,5506400
"902","BND",2024-06-06,70.0916061401367,4119700
"903","BND",2024-06-07,69.5293273925781,3826500
"904","BND",2024-06-10,69.4226913452148,3925100
"905","BND",2024-06-11,69.7038192749023,4073200
"906","BND",2024-06-12,70.0237350463867,4495700
"907","BND",2024-06-13,70.3339767456055,4339600
"908","BND",2024-06-14,70.4406204223633,3527000
"909","BND",2024-06-17,70.1788482666016,4019000
"910","BND",2024-06-18,70.4212265014648,8491900
"911","BND",2024-06-20,70.2854995727539,4227800
"912","BND",2024-06-21,70.3048858642578,4117000
"913","BND",2024-06-24,70.3436508178711,31937200
"914","BND",2024-06-25,70.3824462890625,5959300
"915","BND",2024-06-26,70.0528259277344,5910600
"916","BND",2024-06-27,70.1788482666016,5514800
"917","BND",2024-06-28,69.8492584228516,4824500
"918","BND",2024-07-01,69.4806900024414,4960000
"919","BND",2024-07-02,69.6848907470703,6080100
"920","BND",2024-07-03,70.0836029052734,4438600
"921","BND",2024-07-05,70.4045028686523,4201700
"922","BND",2024-07-08,70.4045028686523,4742300
"923","BND",2024-07-09,70.3753356933594,8533200
"924","BND",2024-07-10,70.4336776733398,5591500
"925","BND",2024-07-11,70.7837600708008,4978100
"926","BND",2024-07-12,70.9685287475586,4656800
"927","BND",2024-07-15,70.7448654174805,4557200
"928","BND",2024-07-16,71.0171356201172,4636600
"929","BND",2024-07-17,71.0852127075195,8365100
"930","BND",2024-07-18,70.9004516601562,7673700
"931","BND",2024-07-19,70.7156829833984,5593100
"932","BND",2024-07-22,70.6865081787109,5055700
"933","BND",2024-07-23,70.6962280273438,6981700
"934","BND",2024-07-24,70.4920272827148,5080200
"935","BND",2024-07-25,70.6476211547852,4567700
"936","BND",2024-07-26,70.9296264648438,3692700
"937","BND",2024-07-29,71.0171356201172,5185000
"938","BND",2024-07-30,71.1046600341797,4282400
"939","BND",2024-07-31,71.4936370849609,6041400
"940","BND",2024-08-01,71.7609024047852,8733700
"941","BND",2024-08-02,72.5802383422852,6476300
"942","BND",2024-08-05,72.5119705200195,8354200
"943","BND",2024-08-06,72.0632705688477,6484400
"944","BND",2024-08-07,71.8876953125,5907200
"945","BND",2024-08-08,71.7803955078125,4357500
"946","BND",2024-08-09,72.0340118408203,6093100
"947","BND",2024-08-12,72.1608352661133,4822900
"948","BND",2024-08-13,72.4339294433594,4049000
"949","BND",2024-08-14,72.5704879760742,6333600
"950","BND",2024-08-15,72.2681045532227,5108300
"951","BND",2024-08-16,72.4241638183594,4647700
"952","BND",2024-08-19,72.5119705200195,4964700
"953","BND",2024-08-20,72.7265548706055,4444000
"954","BND",2024-08-21,72.8826217651367,4541800
"955","BND",2024-08-22,72.5899887084961,3999700
"956","BND",2024-08-23,72.9118881225586,4292000
"957","BND",2024-08-26,72.8338317871094,4427200
"958","BND",2024-08-27,72.8338317871094,3715900
"959","BND",2024-08-28,72.7850799560547,5179900
"960","BND",2024-08-29,72.6777801513672,3840800
"961","BND",2024-08-30,72.5314559936523,5037400
"962","BND",2024-09-03,72.8406372070312,6220100
"963","BND",2024-09-04,73.1635055541992,7338600
"964","BND",2024-09-05,73.3396224975586,9994300
"965","BND",2024-09-06,73.4276733398438,22536000
"966","BND",2024-09-09,73.525505065918,5040900
"967","BND",2024-09-10,73.7701034545898,5653900
"968","BND",2024-09-11,73.7309722900391,6471000
"969","BND",2024-09-12,73.652702331543,5685900
"970","BND",2024-09-13,73.8092269897461,4786700
"971","BND",2024-09-16,74.0049133300781,4734900
"972","BND",2024-09-17,73.9070816040039,5398400
"973","BND",2024-09-18,73.6820373535156,5695700
"974","BND",2024-09-19,73.6820373535156,5135600
"975","BND",2024-09-20,73.6722640991211,4265000
"976","BND",2024-09-23,73.6233444213867,6632500
"977","BND",2024-09-24,73.7114028930664,5017900
"978","BND",2024-09-25,73.4374465942383,4793100
"979","BND",2024-09-26,73.4374465942383,4919700
"980","BND",2024-09-27,73.652702331543,3927900
"981","BND",2024-09-30,73.4863739013672,5661900
"982","BND",2024-10-01,73.7032318115234,6267100
"983","BND",2024-10-02,73.5658645629883,6902500
"984","BND",2024-10-03,73.2420425415039,7733800
"985","BND",2024-10-04,72.76123046875,5218300
"986","BND",2024-10-07,72.5453338623047,7044200
"987","BND",2024-10-08,72.6532745361328,8642400
"988","BND",2024-10-09,72.4570083618164,4997800
"989","BND",2024-10-10,72.4275817871094,4579000
"990","BND",2024-10-11,72.437385559082,8508000
"991","BND",2024-10-14,72.3883285522461,3380100
"992","BND",2024-10-15,72.6728973388672,4456200
"993","BND",2024-10-16,72.7710266113281,7437800
"994","BND",2024-10-17,72.4177703857422,4250400
"995","BND",2024-10-18,72.4570083618164,3930300
"996","BND",2024-10-21,71.9663696289062,5259900
"997","BND",2024-10-22,71.9958190917969,4633000
"998","BND",2024-10-23,71.8191833496094,6429400
"999","BND",2024-10-24,71.9369430541992,6219500
"1000","BND",2024-10-25,71.7897644042969,4641400
"1001","BND",2024-10-28,71.7014389038086,4582800
"1002","BND",2024-10-29,71.7603149414062,5543800
"1003","BND",2024-10-30,71.6916198730469,4610300
"1004","BND",2024-10-31,71.6818008422852,6115700
"1005","BND",2024-11-01,71.4042358398438,6409800
"1006","BND",2024-11-04,71.6896896362305,6860100
"1007","BND",2024-11-05,71.8668670654297,6236900
"1008","BND",2024-11-06,71.2762756347656,6382500
"1009","BND",2024-11-07,71.8078079223633,6590200
"1010","BND",2024-11-08,71.9456100463867,5398500
"1011","BND",2024-11-11,71.8078079223633,4372000
"1012","BND",2024-11-12,71.3746948242188,7197800
"1013","BND",2024-11-13,71.3451690673828,5458100
"1014","BND",2024-11-14,71.3254776000977,6643300
"1015","BND",2024-11-15,71.3451690673828,18467300
"1016","BND",2024-11-18,71.4140701293945,4964800
"1017","BND",2024-11-19,71.5420303344727,4900500
"1018","BND",2024-11-20,71.4632873535156,6557800
"1019","BND",2024-11-21,71.4239120483398,5115500
"1020","BND",2024-11-22,71.4534454345703,10409500
"1021","BND",2024-11-25,72.1129455566406,10207100
"1022","BND",2024-11-26,71.9849853515625,5537900
"1023","BND",2024-11-27,72.1818618774414,5366600
"1024","BND",2024-11-29,72.447624206543,3870800
"1025","BND",2024-12-02,72.4900817871094,6212800
"1026","BND",2024-12-03,72.3222351074219,6249200
"1027","BND",2024-12-04,72.5690689086914,6769700
"1028","BND",2024-12-05,72.5789489746094,6146200
"1029","BND",2024-12-06,72.7764129638672,4880500
"1030","BND",2024-12-09,72.559196472168,5432900
"1031","BND",2024-12-10,72.4802169799805,5751900
"1032","BND",2024-12-11,72.3222351074219,4642900
"1033","BND",2024-12-12,72.0359039306641,6880600
"1034","BND",2024-12-13,71.7495803833008,5171400
"1035","BND",2024-12-16,71.8285675048828,7871100
"1036","BND",2024-12-17,71.8384475708008,6084800
"1037","BND",2024-12-18,71.2756652832031,7962700
"1038","BND",2024-12-19,71.0782012939453,7669100
"1039","BND",2024-12-20,71.29541015625,6696400
"1040","BND",2024-12-23,71.0683288574219,7605400
"1041","BND",2024-12-24,71.1703414916992,4185300
"1042","BND",2024-12-26,71.2198791503906,8714400
"1043","BND",2024-12-27,71.0712966918945,9018700
"1044","BND",2024-12-30,71.3486480712891,8054500
"1045","GSG",2022-12-01,21.4699993133545,2692800
"1046","GSG",2022-12-02,21.2099990844727,1676500
"1047","GSG",2022-12-05,20.5900001525879,1481900
"1048","GSG",2022-12-06,20.1000003814697,982900
"1049","GSG",2022-12-07,19.9400005340576,1273100
"1050","GSG",2022-12-08,19.8700008392334,4620300
"1051","GSG",2022-12-09,19.8899993896484,1740400
"1052","GSG",2022-12-12,20.2199993133545,1958500
"1053","GSG",2022-12-13,20.6800003051758,3220000
"1054","GSG",2022-12-14,20.9300003051758,1884400
"1055","GSG",2022-12-15,20.7399997711182,2102600
"1056","GSG",2022-12-16,20.4300003051758,1351800
"1057","GSG",2022-12-19,20.4099998474121,845400
"1058","GSG",2022-12-20,20.4200000762939,1705300
"1059","GSG",2022-12-21,20.8700008392334,1390800
"1060","GSG",2022-12-22,20.7099990844727,837800
"1061","GSG",2022-12-23,21.0900001525879,869000
"1062","GSG",2022-12-27,21.2399997711182,968300
"1063","GSG",2022-12-28,21.0400009155273,733800
"1064","GSG",2022-12-29,20.9899997711182,709900
"1065","GSG",2022-12-30,21.2299995422363,676100
"1066","GSG",2023-01-03,20.5799999237061,2661000
"1067","GSG",2023-01-04,19.9200000762939,3235600
"1068","GSG",2023-01-05,19.8600006103516,542500
"1069","GSG",2023-01-06,19.9699993133545,841700
"1070","GSG",2023-01-09,20.2099990844727,1065600
"1071","GSG",2023-01-10,20.2099990844727,439300
"1072","GSG",2023-01-11,20.6800003051758,727600
"1073","GSG",2023-01-12,20.8999996185303,1080100
"1074","GSG",2023-01-13,21.1499996185303,553700
"1075","GSG",2023-01-17,21.3700008392334,315300
"1076","GSG",2023-01-18,21.0799999237061,615400
"1077","GSG",2023-01-19,21.2800006866455,415200
"1078","GSG",2023-01-20,21.4899997711182,413900
"1079","GSG",2023-01-23,21.6000003814697,653200
"1080","GSG",2023-01-24,21.3700008392334,663900
"1081","GSG",2023-01-25,21.3199996948242,377700
"1082","GSG",2023-01-26,21.4799995422363,367600
"1083","GSG",2023-01-27,21.2000007629395,574700
"1084","GSG",2023-01-30,20.8700008392334,458800
"1085","GSG",2023-01-31,21.2099990844727,700300
"1086","GSG",2023-02-01,20.6900005340576,2504300
"1087","GSG",2023-02-02,20.4699993133545,1252400
"1088","GSG",2023-02-03,19.9899997711182,978700
"1089","GSG",2023-02-06,20.1299991607666,774000
"1090","GSG",2023-02-07,20.5900001525879,453200
"1091","GSG",2023-02-08,20.6800003051758,523400
"1092","GSG",2023-02-09,20.5300006866455,560600
"1093","GSG",2023-02-10,20.8999996185303,265700
"1094","GSG",2023-02-13,20.8299999237061,839900
"1095","GSG",2023-02-14,20.8999996185303,359300
"1096","GSG",2023-02-15,20.6399993896484,568600
"1097","GSG",2023-02-16,20.5300006866455,330400
"1098","GSG",2023-02-17,20.2999992370605,438200
"1099","GSG",2023-02-21,20.3799991607666,400200
"1100","GSG",2023-02-22,20,480600
"1101","GSG",2023-02-23,20.1700000762939,287300
"1102","GSG",2023-02-24,20.2199993133545,377300
"1103","GSG",2023-02-27,20.1800003051758,164800
"1104","GSG",2023-02-28,20.3099994659424,343600
"1105","GSG",2023-03-01,20.6100006103516,2453900
"1106","GSG",2023-03-02,20.5499992370605,338100
"1107","GSG",2023-03-03,20.8700008392334,260200
"1108","GSG",2023-03-06,20.8500003814697,574300
"1109","GSG",2023-03-07,20.3099994659424,1018000
"1110","GSG",2023-03-08,20.2000007629395,287600
"1111","GSG",2023-03-09,19.9200000762939,595900
"1112","GSG",2023-03-10,20.1299991607666,298300
"1113","GSG",2023-03-13,19.9099998474121,591900
"1114","GSG",2023-03-14,19.5599994659424,1040900
"1115","GSG",2023-03-15,19.0100002288818,1079200
"1116","GSG",2023-03-16,19.0599994659424,492000
"1117","GSG",2023-03-17,18.8899993896484,289500
"1118","GSG",2023-03-20,19.0200004577637,549600
"1119","GSG",2023-03-21,19.2099990844727,1105900
"1120","GSG",2023-03-22,19.2399997711182,474000
"1121","GSG",2023-03-23,19.1499996185303,401800
"1122","GSG",2023-03-24,19.2399997711182,416100
"1123","GSG",2023-03-27,19.7399997711182,398200
"1124","GSG",2023-03-28,19.8299999237061,339100
"1125","GSG",2023-03-29,19.7099990844727,340000
"1126","GSG",2023-03-30,19.8700008392334,267800
"1127","GSG",2023-03-31,20.1200008392334,806200
"1128","GSG",2023-04-03,20.6599998474121,2353600
"1129","GSG",2023-04-04,20.6299991607666,460000
"1130","GSG",2023-04-05,20.6599998474121,432800
"1131","GSG",2023-04-06,20.6200008392334,210000
"1132","GSG",2023-04-10,20.6000003814697,479700
"1133","GSG",2023-04-11,20.8099994659424,392300
"1134","GSG",2023-04-12,21.0100002288818,286200
"1135","GSG",2023-04-13,20.9300003051758,251800
"1136","GSG",2023-04-14,20.9799995422363,213600
"1137","GSG",2023-04-17,20.8400001525879,397100
"1138","GSG",2023-04-18,20.8799991607666,327600
"1139","GSG",2023-04-19,20.5599994659424,299400
"1140","GSG",2023-04-20,20.2099990844727,415000
"1141","GSG",2023-04-21,20.2099990844727,240800
"1142","GSG",2023-04-24,20.3799991607666,226800
"1143","GSG",2023-04-25,20.0100002288818,507800
"1144","GSG",2023-04-26,19.6000003814697,328100
"1145","GSG",2023-04-27,19.6299991607666,772900
"1146","GSG",2023-04-28,19.9099998474121,593300
"1147","GSG",2023-05-01,19.7600002288818,394000
"1148","GSG",2023-05-02,19.1599998474121,331000
"1149","GSG",2023-05-03,18.6900005340576,2066600
"1150","GSG",2023-05-04,18.7999992370605,327400
"1151","GSG",2023-05-05,19.2600002288818,418700
"1152","GSG",2023-05-08,19.5200004577637,1880800
"1153","GSG",2023-05-09,19.5799999237061,709600
"1154","GSG",2023-05-10,19.4699993133545,364300
"1155","GSG",2023-05-11,19.1499996185303,402600
"1156","GSG",2023-05-12,19.0300006866455,391200
"1157","GSG",2023-05-15,19.3199996948242,491200
"1158","GSG",2023-05-16,19.1200008392334,289000
"1159","GSG",2023-05-17,19.4300003051758,313900
"1160","GSG",2023-05-18,19.2900009155273,283500
"1161","GSG",2023-05-19,19.25,338200
"1162","GSG",2023-05-22,19.2399997711182,287900
"1163","GSG",2023-05-23,19.3199996948242,311600
"1164","GSG",2023-05-24,19.4599990844727,322400
"1165","GSG",2023-05-25,19.1499996185303,480800
"1166","GSG",2023-05-26,19.3700008392334,329000
"1167","GSG",2023-05-30,18.8600006103516,316600
"1168","GSG",2023-05-31,18.6700000762939,337200
"1169","GSG",2023-06-01,19,1694900
"1170","GSG",2023-06-02,19.3600006103516,468300
"1171","GSG",2023-06-05,19.3299999237061,167200
"1172","GSG",2023-06-06,19.3700008392334,259900
"1173","GSG",2023-06-07,19.5100002288818,236700
"1174","GSG",2023-06-08,19.4300003051758,860300
"1175","GSG",2023-06-09,19.3199996948242,179300
"1176","GSG",2023-06-12,18.9200000762939,792100
"1177","GSG",2023-06-13,19.2800006866455,402800
"1178","GSG",2023-06-14,19.2299995422363,401900
"1179","GSG",2023-06-15,19.75,298800
"1180","GSG",2023-06-16,20.0300006866455,195000
"1181","GSG",2023-06-20,19.8400001525879,260100
"1182","GSG",2023-06-21,20.1700000762939,285300
"1183","GSG",2023-06-22,19.7000007629395,286100
"1184","GSG",2023-06-23,19.5300006866455,274800
"1185","GSG",2023-06-26,19.6000003814697,213800
"1186","GSG",2023-06-27,19.2299995422363,245300
"1187","GSG",2023-06-28,19.2600002288818,336900
"1188","GSG",2023-06-29,19.3199996948242,166200
"1189","GSG",2023-06-30,19.4899997711182,189200
"1190","GSG",2023-07-03,19.4599990844727,101500
"1191","GSG",2023-07-05,19.7099990844727,248000
"1192","GSG",2023-07-06,19.6900005340576,181200
"1193","GSG",2023-07-07,19.8999996185303,179500
"1194","GSG",2023-07-10,19.8999996185303,167100
"1195","GSG",2023-07-11,20.1599998474121,204600
"1196","GSG",2023-07-12,20.2700004577637,357900
"1197","GSG",2023-07-13,20.5300006866455,2e+05
"1198","GSG",2023-07-14,20.3799991607666,257900
"1199","GSG",2023-07-17,20.1399993896484,151900
"1200","GSG",2023-07-18,20.4599990844727,168200
"1201","GSG",2023-07-19,20.5699996948242,240900
"1202","GSG",2023-07-20,20.6800003051758,135400
"1203","GSG",2023-07-21,20.8600006103516,107100
"1204","GSG",2023-07-24,21.2999992370605,564700
"1205","GSG",2023-07-25,21.3700008392334,117500
"1206","GSG",2023-07-26,21.25,247800
"1207","GSG",2023-07-27,21.3500003814697,154100
"1208","GSG",2023-07-28,21.4500007629395,177500
"1209","GSG",2023-07-31,21.6000003814697,166300
"1210","GSG",2023-08-01,21.5499992370605,2389300
"1211","GSG",2023-08-02,21.1599998474121,693600
"1212","GSG",2023-08-03,21.3999996185303,365500
"1213","GSG",2023-08-04,21.4599990844727,518000
"1214","GSG",2023-08-07,21.5,1211800
"1215","GSG",2023-08-08,21.5,539400
"1216","GSG",2023-08-09,21.7999992370605,618800
"1217","GSG",2023-08-10,21.5900001525879,386500
"1218","GSG",2023-08-11,21.5599994659424,388700
"1219","GSG",2023-08-14,21.4400005340576,336500
"1220","GSG",2023-08-15,21.0900001525879,723100
"1221","GSG",2023-08-16,20.9200000762939,819600
"1222","GSG",2023-08-17,21.0499992370605,503900
"1223","GSG",2023-08-18,21.2800006866455,384900
"1224","GSG",2023-08-21,21.2099990844727,401700
"1225","GSG",2023-08-22,21.1499996185303,377500
"1226","GSG",2023-08-23,21.1200008392334,815800
"1227","GSG",2023-08-24,21.1499996185303,535300
"1228","GSG",2023-08-25,21.5,608300
"1229","GSG",2023-08-28,21.4400005340576,522000
"1230","GSG",2023-08-29,21.5200004577637,687400
"1231","GSG",2023-08-30,21.5200004577637,762000
"1232","GSG",2023-08-31,21.7000007629395,280400
"1233","GSG",2023-09-01,22.0100002288818,1985000
"1234","GSG",2023-09-05,22.1399993896484,976200
"1235","GSG",2023-09-06,22.2099990844727,945700
"1236","GSG",2023-09-07,22.1700000762939,483900
"1237","GSG",2023-09-08,22.25,365600
"1238","GSG",2023-09-11,22.3999996185303,564600
"1239","GSG",2023-09-12,22.5200004577637,639100
"1240","GSG",2023-09-13,22.6000003814697,534700
"1241","GSG",2023-09-14,22.8899993896484,1088600
"1242","GSG",2023-09-15,22.8099994659424,600600
"1243","GSG",2023-09-18,22.7999992370605,355600
"1244","GSG",2023-09-19,22.8400001525879,426100
"1245","GSG",2023-09-20,22.5799999237061,651700
"1246","GSG",2023-09-21,22.5300006866455,926700
"1247","GSG",2023-09-22,22.5799999237061,383200
"1248","GSG",2023-09-25,22.5,287200
"1249","GSG",2023-09-26,22.5300006866455,1358300
"1250","GSG",2023-09-27,22.8299999237061,343600
"1251","GSG",2023-09-28,22.7399997711182,484600
"1252","GSG",2023-09-29,22.5100002288818,1349800
"1253","GSG",2023-10-02,22.25,1607300
"1254","GSG",2023-10-03,22.2299995422363,1159100
"1255","GSG",2023-10-04,21.4899997711182,905300
"1256","GSG",2023-10-05,21.2299995422363,620600
"1257","GSG",2023-10-06,21.3400001525879,1073300
"1258","GSG",2023-10-09,21.8600006103516,1099100
"1259","GSG",2023-10-10,21.7800006866455,1189700
"1260","GSG",2023-10-11,21.5799999237061,522500
"1261","GSG",2023-10-12,21.6200008392334,1012100
"1262","GSG",2023-10-13,22.2600002288818,574800
"1263","GSG",2023-10-16,22.1200008392334,755700
"1264","GSG",2023-10-17,22.1399993896484,580800
"1265","GSG",2023-10-18,22.3299999237061,840800
"1266","GSG",2023-10-19,22.6100006103516,583600
"1267","GSG",2023-10-20,22.4099998474121,806400
"1268","GSG",2023-10-23,22.1200008392334,1028100
"1269","GSG",2023-10-24,21.7800006866455,807800
"1270","GSG",2023-10-25,21.9799995422363,443900
"1271","GSG",2023-10-26,21.7999992370605,438800
"1272","GSG",2023-10-27,22.1100006103516,1010700
"1273","GSG",2023-10-30,21.7199993133545,545800
"1274","GSG",2023-10-31,21.6299991607666,1019200
"1275","GSG",2023-11-01,21.5900001525879,859300
"1276","GSG",2023-11-02,21.8700008392334,916000
"1277","GSG",2023-11-03,21.6700000762939,1079400
"1278","GSG",2023-11-06,21.6599998474121,910400
"1279","GSG",2023-11-07,21.0499992370605,908400
"1280","GSG",2023-11-08,20.7700004577637,608000
"1281","GSG",2023-11-09,20.6700000762939,1035400
"1282","GSG",2023-11-10,20.8700008392334,928800
"1283","GSG",2023-11-13,21.2199993133545,496100
"1284","GSG",2023-11-14,21.1800003051758,1557200
"1285","GSG",2023-11-15,21.0300006866455,556000
"1286","GSG",2023-11-16,20.4200000762939,918300
"1287","GSG",2023-11-17,20.7999992370605,1079400
"1288","GSG",2023-11-20,21.0799999237061,735600
"1289","GSG",2023-11-21,21.1800003051758,631100
"1290","GSG",2023-11-22,20.9699993133545,407600
"1291","GSG",2023-11-24,20.7600002288818,486600
"1292","GSG",2023-11-27,20.5499992370605,797900
"1293","GSG",2023-11-28,20.8600006103516,724000
"1294","GSG",2023-11-29,21.0699996948242,1002700
"1295","GSG",2023-11-30,20.6800003051758,2225800
"1296","GSG",2023-12-01,20.4899997711182,4727600
"1297","GSG",2023-12-04,20.3299999237061,1763100
"1298","GSG",2023-12-05,20.1800003051758,1021200
"1299","GSG",2023-12-06,19.6200008392334,2086500
"1300","GSG",2023-12-07,19.7099990844727,1399600
"1301","GSG",2023-12-08,19.9200000762939,447100
"1302","GSG",2023-12-11,19.8799991607666,487400
"1303","GSG",2023-12-12,19.4699993133545,712800
"1304","GSG",2023-12-13,19.6800003051758,485300
"1305","GSG",2023-12-14,20.0799999237061,962300
"1306","GSG",2023-12-15,20.1499996185303,488300
"1307","GSG",2023-12-18,20.3199996948242,939100
"1308","GSG",2023-12-19,20.5200004577637,1281400
"1309","GSG",2023-12-20,20.3099994659424,1098300
"1310","GSG",2023-12-21,20.4099998474121,933200
"1311","GSG",2023-12-22,20.3299999237061,460100
"1312","GSG",2023-12-26,20.6200008392334,1139700
"1313","GSG",2023-12-27,20.4799995422363,646500
"1314","GSG",2023-12-28,20.1800003051758,972500
"1315","GSG",2023-12-29,20.0599994659424,954400
"1316","GSG",2024-01-02,19.8500003814697,3386800
"1317","GSG",2024-01-03,20.25,781700
"1318","GSG",2024-01-04,20.1900005340576,848600
"1319","GSG",2024-01-05,20.3299999237061,389600
"1320","GSG",2024-01-08,19.9500007629395,322500
"1321","GSG",2024-01-09,20.1800003051758,1353700
"1322","GSG",2024-01-10,20.0200004577637,417100
"1323","GSG",2024-01-11,20.25,368100
"1324","GSG",2024-01-12,20.2900009155273,474100
"1325","GSG",2024-01-16,20.1399993896484,224000
"1326","GSG",2024-01-17,20.1599998474121,311700
"1327","GSG",2024-01-18,20.3700008392334,181900
"1328","GSG",2024-01-19,20.3500003814697,650600
"1329","GSG",2024-01-22,20.5,379200
"1330","GSG",2024-01-23,20.5900001525879,435000
"1331","GSG",2024-01-24,20.7700004577637,356200
"1332","GSG",2024-01-25,21.0599994659424,341800
"1333","GSG",2024-01-26,21.25,544200
"1334","GSG",2024-01-29,21.0200004577637,175100
"1335","GSG",2024-01-30,21.2000007629395,355600
"1336","GSG",2024-01-31,20.9400005340576,316700
"1337","GSG",2024-02-01,20.6399993896484,481800
"1338","GSG",2024-02-02,20.3700008392334,349900
"1339","GSG",2024-02-05,20.4699993133545,689500
"1340","GSG",2024-02-06,20.5900001525879,252300
"1341","GSG",2024-02-07,20.7199993133545,729600
"1342","GSG",2024-02-08,21.0300006866455,306800
"1343","GSG",2024-02-09,21.0699996948242,222200
"1344","GSG",2024-02-12,21.1100006103516,271900
"1345","GSG",2024-02-13,21.0799999237061,449700
"1346","GSG",2024-02-14,20.8500003814697,228800
"1347","GSG",2024-02-15,21.0100002288818,310900
"1348","GSG",2024-02-16,21.1100006103516,209000
"1349","GSG",2024-02-20,21,202000
"1350","GSG",2024-02-21,21.0900001525879,266900
"1351","GSG",2024-02-22,21.1599998474121,272300
"1352","GSG",2024-02-23,20.8600006103516,495700
"1353","GSG",2024-02-26,21.0499992370605,397800
"1354","GSG",2024-02-27,21.2199993133545,649700
"1355","GSG",2024-02-28,21.1000003814697,350900
"1356","GSG",2024-02-29,21.1200008392334,284500
"1357","GSG",2024-03-01,21.3500003814697,3055500
"1358","GSG",2024-03-04,21.2700004577637,631700
"1359","GSG",2024-03-05,21.1100006103516,626900
"1360","GSG",2024-03-06,21.2700004577637,325700
"1361","GSG",2024-03-07,21.3400001525879,303700
"1362","GSG",2024-03-08,21.1900005340576,303200
"1363","GSG",2024-03-11,21.3099994659424,226100
"1364","GSG",2024-03-12,21.2800006866455,358000
"1365","GSG",2024-03-13,21.6100006103516,450500
"1366","GSG",2024-03-14,21.7199993133545,410300
"1367","GSG",2024-03-15,21.8099994659424,204200
"1368","GSG",2024-03-18,22.1000003814697,417300
"1369","GSG",2024-03-19,22.1000003814697,272800
"1370","GSG",2024-03-20,21.9300003051758,301800
"1371","GSG",2024-03-21,21.8799991607666,314700
"1372","GSG",2024-03-22,21.7999992370605,595400
"1373","GSG",2024-03-25,21.9799995422363,460500
"1374","GSG",2024-03-26,21.8099994659424,156800
"1375","GSG",2024-03-27,21.8299999237061,339800
"1376","GSG",2024-03-28,22.0599994659424,271300
"1377","GSG",2024-04-01,22.2199993133545,345200
"1378","GSG",2024-04-02,22.4300003051758,227400
"1379","GSG",2024-04-03,22.6000003814697,274900
"1380","GSG",2024-04-04,22.7700004577637,634100
"1381","GSG",2024-04-05,22.8400001525879,233600
"1382","GSG",2024-04-08,22.7999992370605,383900
"1383","GSG",2024-04-09,22.6800003051758,246100
"1384","GSG",2024-04-10,22.7800006866455,441100
"1385","GSG",2024-04-11,22.6700000762939,310900
"1386","GSG",2024-04-12,22.6900005340576,673900
"1387","GSG",2024-04-15,22.7399997711182,1223100
"1388","GSG",2024-04-16,22.7000007629395,1029100
"1389","GSG",2024-04-17,22.2999992370605,939300
"1390","GSG",2024-04-18,22.2900009155273,309600
"1391","GSG",2024-04-19,22.4699993133545,706200
"1392","GSG",2024-04-22,22.5,412200
"1393","GSG",2024-04-23,22.6299991607666,1463900
"1394","GSG",2024-04-24,22.5300006866455,1160100
"1395","GSG",2024-04-25,22.7099990844727,744000
"1396","GSG",2024-04-26,22.6700000762939,1064800
"1397","GSG",2024-04-29,22.5900001525879,266600
"1398","GSG",2024-04-30,22.2700004577637,1321200
"1399","GSG",2024-05-01,21.8299999237061,1016600
"1400","GSG",2024-05-02,21.8600006103516,393500
"1401","GSG",2024-05-03,21.8500003814697,410100
"1402","GSG",2024-05-06,22.0400009155273,516100
"1403","GSG",2024-05-07,22.0300006866455,472400
"1404","GSG",2024-05-08,22.0200004577637,225900
"1405","GSG",2024-05-09,22.1299991607666,180600
"1406","GSG",2024-05-10,21.9899997711182,139600
"1407","GSG",2024-05-13,22.1200008392334,221500
"1408","GSG",2024-05-14,21.9599990844727,418300
"1409","GSG",2024-05-15,22.0900001525879,319900
"1410","GSG",2024-05-16,22.1800003051758,281200
"1411","GSG",2024-05-17,22.4300003051758,375400
"1412","GSG",2024-05-20,22.5200004577637,228700
"1413","GSG",2024-05-21,22.4400005340576,325300
"1414","GSG",2024-05-22,22.2000007629395,213000
"1415","GSG",2024-05-23,22.1000003814697,227200
"1416","GSG",2024-05-24,22.2199993133545,162000
"1417","GSG",2024-05-28,22.6700000762939,459900
"1418","GSG",2024-05-29,22.3899993896484,202200
"1419","GSG",2024-05-30,22.0799999237061,269500
"1420","GSG",2024-05-31,21.9500007629395,460300
"1421","GSG",2024-06-03,21.5499992370605,2797300
"1422","GSG",2024-06-04,21.3299999237061,598400
"1423","GSG",2024-06-05,21.4799995422363,610500
"1424","GSG",2024-06-06,21.7900009155273,398500
"1425","GSG",2024-06-07,21.5300006866455,925600
"1426","GSG",2024-06-10,21.9200000762939,663800
"1427","GSG",2024-06-11,21.9200000762939,652900
"1428","GSG",2024-06-12,22.0200004577637,523600
"1429","GSG",2024-06-13,22,278800
"1430","GSG",2024-06-14,22,715800
"1431","GSG",2024-06-17,22.1700000762939,519700
"1432","GSG",2024-06-18,22.3199996948242,447200
"1433","GSG",2024-06-20,22.3600006103516,314600
"1434","GSG",2024-06-21,22.1499996185303,735200
"1435","GSG",2024-06-24,22.3500003814697,390600
"1436","GSG",2024-06-25,22.0900001525879,340100
"1437","GSG",2024-06-26,22.1000003814697,276400
"1438","GSG",2024-06-27,22.2999992370605,352900
"1439","GSG",2024-06-28,22.1499996185303,583100
"1440","GSG",2024-07-01,22.4300003051758,1004500
"1441","GSG",2024-07-02,22.4699993133545,382500
"1442","GSG",2024-07-03,22.5300006866455,467000
"1443","GSG",2024-07-05,22.5699996948242,367500
"1444","GSG",2024-07-08,22.25,530000
"1445","GSG",2024-07-09,22.1200008392334,362900
"1446","GSG",2024-07-10,22.1399993896484,417600
"1447","GSG",2024-07-11,22.25,400200
"1448","GSG",2024-07-12,22.1599998474121,390100
"1449","GSG",2024-07-15,21.9899997711182,559300
"1450","GSG",2024-07-16,21.8799991607666,328100
"1451","GSG",2024-07-17,22,343600
"1452","GSG",2024-07-18,21.8299999237061,411700
"1453","GSG",2024-07-19,21.5100002288818,812100
"1454","GSG",2024-07-22,21.6000003814697,334300
"1455","GSG",2024-07-23,21.4400005340576,681400
"1456","GSG",2024-07-24,21.4099998474121,852600
"1457","GSG",2024-07-25,21.4799995422363,396100
"1458","GSG",2024-07-26,21.2399997711182,475200
"1459","GSG",2024-07-29,21.0499992370605,192400
"1460","GSG",2024-07-30,20.9899997711182,339300
"1461","GSG",2024-07-31,21.5100002288818,1116900
"1462","GSG",2024-08-01,21.1499996185303,5465900
"1463","GSG",2024-08-02,20.7600002288818,480100
"1464","GSG",2024-08-05,20.6599998474121,452000
"1465","GSG",2024-08-06,20.5799999237061,331300
"1466","GSG",2024-08-07,20.8600006103516,260700
"1467","GSG",2024-08-08,20.9799995422363,266700
"1468","GSG",2024-08-09,21.1100006103516,127300
"1469","GSG",2024-08-12,21.5,139600
"1470","GSG",2024-08-13,21.2800006866455,272800
"1471","GSG",2024-08-14,21.2000007629395,220900
"1472","GSG",2024-08-15,21.3099994659424,130000
"1473","GSG",2024-08-16,21.1399993896484,265300
"1474","GSG",2024-08-19,21,292800
"1475","GSG",2024-08-20,20.8999996185303,422100
"1476","GSG",2024-08-21,20.7199993133545,1028000
"1477","GSG",2024-08-22,20.7800006866455,337100
"1478","GSG",2024-08-23,21.1499996185303,289600
"1479","GSG",2024-08-26,21.4500007629395,239200
"1480","GSG",2024-08-27,21.3199996948242,197000
"1481","GSG",2024-08-28,21.0699996948242,370400
"1482","GSG",2024-08-29,21.3099994659424,389900
"1483","GSG",2024-08-30,21.0400009155273,390900
"1484","GSG",2024-09-03,20.5699996948242,229100
"1485","GSG",2024-09-04,20.3299999237061,725200
"1486","GSG",2024-09-05,20.3799991607666,330800
"1487","GSG",2024-09-06,20.0900001525879,387900
"1488","GSG",2024-09-09,20.1900005340576,214400
"1489","GSG",2024-09-10,19.8400001525879,316800
"1490","GSG",2024-09-11,20.0699996948242,295400
"1491","GSG",2024-09-12,20.4300003051758,160400
"1492","GSG",2024-09-13,20.4300003051758,153000
"1493","GSG",2024-09-16,20.6000003814697,183900
"1494","GSG",2024-09-17,20.7600002288818,172900
"1495","GSG",2024-09-18,20.6100006103516,507900
"1496","GSG",2024-09-19,21.0100002288818,578800
"1497","GSG",2024-09-20,21.0300006866455,69300
"1498","GSG",2024-09-23,21.0400009155273,117900
"1499","GSG",2024-09-24,21.3400001525879,310600
"1500","GSG",2024-09-25,21.1200008392334,235200
"1501","GSG",2024-09-26,20.8799991607666,421600
"1502","GSG",2024-09-27,21.0599994659424,457300
"1503","GSG",2024-09-30,21,240300
"1504","GSG",2024-10-01,21.3600006103516,935300
"1505","GSG",2024-10-02,21.5499992370605,590100
"1506","GSG",2024-10-03,21.9400005340576,244300
"1507","GSG",2024-10-04,21.9899997711182,157500
"1508","GSG",2024-10-07,22.3500003814697,204100
"1509","GSG",2024-10-08,21.7600002288818,257500
"1510","GSG",2024-10-09,21.6100006103516,149300
"1511","GSG",2024-10-10,22.0499992370605,139500
"1512","GSG",2024-10-11,22.0400009155273,164800
"1513","GSG",2024-10-14,21.6900005340576,296100
"1514","GSG",2024-10-15,21.2000007629395,207500
"1515","GSG",2024-10-16,21.1499996185303,96400
"1516","GSG",2024-10-17,21.1399993896484,132800
"1517","GSG",2024-10-18,20.9899997711182,134300
"1518","GSG",2024-10-21,21.1299991607666,206200
"1519","GSG",2024-10-22,21.4400005340576,320400
"1520","GSG",2024-10-23,21.3799991607666,192200
"1521","GSG",2024-10-24,21.3400001525879,226100
"1522","GSG",2024-10-25,21.5200004577637,95500
"1523","GSG",2024-10-28,20.8899993896484,263800
"1524","GSG",2024-10-29,20.8199996948242,98800
"1525","GSG",2024-10-30,21.0799999237061,704800
"1526","GSG",2024-10-31,21.2999992370605,1880000
"1527","GSG",2024-11-01,21.0699996948242,366700
"1528","GSG",2024-11-04,21.4500007629395,464000
"1529","GSG",2024-11-05,21.5200004577637,129800
"1530","GSG",2024-11-06,21.3999996185303,201500
"1531","GSG",2024-11-07,21.5499992370605,96600
"1532","GSG",2024-11-08,21.2199993133545,152500
"1533","GSG",2024-11-11,20.8899993896484,203900
"1534","GSG",2024-11-12,20.8299999237061,157200
"1535","GSG",2024-11-13,20.7999992370605,173800
"1536","GSG",2024-11-14,20.8099994659424,132900
"1537","GSG",2024-11-15,20.7000007629395,111100
"1538","GSG",2024-11-18,21.1299991607666,197800
"1539","GSG",2024-11-19,21.2000007629395,329300
"1540","GSG",2024-11-20,21.2299995422363,145000
"1541","GSG",2024-11-21,21.4099998474121,116300
"1542","GSG",2024-11-22,21.4799995422363,202400
"1543","GSG",2024-11-25,21.2000007629395,130000
"1544","GSG",2024-11-26,21.1499996185303,203100
"1545","GSG",2024-11-27,21.1200008392334,113300
"1546","GSG",2024-11-29,21.1399993896484,60500
"1547","GSG",2024-12-02,21,749200
"1548","GSG",2024-12-03,21.2700004577637,262000
"1549","GSG",2024-12-04,21.0900001525879,407200
"1550","GSG",2024-12-05,21.0699996948242,125100
"1551","GSG",2024-12-06,20.9099998474121,174500
"1552","GSG",2024-12-09,21.1499996185303,265000
"1553","GSG",2024-12-10,21.2399997711182,189200
"1554","GSG",2024-12-11,21.5,196100
"1555","GSG",2024-12-12,21.4799995422363,150600
"1556","GSG",2024-12-13,21.5699996948242,414300
"1557","GSG",2024-12-16,21.4099998474121,131700
"1558","GSG",2024-12-17,21.3299999237061,127500
"1559","GSG",2024-12-18,21.1900005340576,204100
"1560","GSG",2024-12-19,21.1399993896484,127200
"1561","GSG",2024-12-20,21.5100002288818,550100
"1562","GSG",2024-12-23,21.2800006866455,112300
"1563","GSG",2024-12-24,21.3899993896484,57400
"1564","GSG",2024-12-26,21.3400001525879,89600
"1565","GSG",2024-12-27,21.4200000762939,142400
"1566","GSG",2024-12-30,21.6599998474121,517300
